day_id,day_type,day_name,day_weight,hour,dt,electric_load,heat_load,cooling_load,P_grid_buy,P_grid_sell,P_grid_net,P_PV,P_WT,P_PV_curt,P_WT_curt,G_CHP,P_CHP,H_CHP,P_HP,H_HP,P_EC,C_EC_out,G_GB,H_GB,P_BAT_ch,P_BAT_dis,SOC_BAT,H_TS_ch,H_TS_dis,SOC_TS,P_shift_in,P_shift_out,P_interrupt,P_unmet_e,H_unmet,C_unmet,residential_load,commercial_load,industrial_load,cold_storage_load,agro_processing_load,irrigation_load,electricity_buy_price,electricity_sell_price,gas_price,carbon_price,pv_cf,wt_cf,grid_import_availability,critical_electric_load,critical_heat_load,critical_cooling_load,electric_load_adjusted,renewable_available,renewable_used,renewable_curtailment,co2_emission_rate,co2_emission,co2_emission_annual,battery_simultaneous_overlap,thermal_storage_simultaneous_overlap,grid_import_export_overlap,flexible_load_overlap,electric_balance_error,heat_balance_error,cooling_balance_error,P_grid_net_ramp,P_CHP_ramp,H_HP_ramp,C_EC_out_ramp,H_GB_ramp
0,winter_heating,冬季采暖日,1.0,0.0,0.25,39.646156641207455,51.88473999812825,2.4688575889905713,31.039344958742433,0.0,31.039344958742433,0.0,23.83397308147585,0.0,0.0,26.235922676962563,9.182572936936896,11.806165204633153,16.345827741790792,52.30664877373054,0.8229525296635237,2.4688575889905713,0.0,0.0,3.4487129944648665,0.0,28.502495513350272,12.22807398023543,0.0,36.750679132357035,3.7922410700285396,0.0,0.0,0.0,0.0,0.0,11.80027194200923,5.949317972019548,10.991732042262308,4.14281748856022,1.5033616864879322,0.0,52.0,7.8,46.0,45.0,0.0,0.18589802789061863,1.0,30.924002180141816,47.73396079827799,0.7406572766971714,43.43839771123599,23.83397308147585,23.83397308147585,0.0,22.318824262700854,5.5797060656752135,5.5797060656752135,0.0,0.0,0.0,0.0,-7.105427357601002e-15,7.105427357601002e-15,0.0,1.0393449587424328,-1.1639881187666479,-2.5156452365075026,-0.03019169542650335,0.0
0,winter_heating,冬季采暖日,1.0,0.25,0.25,39.90355998636418,52.1461205257478,2.565527348121853,31.039344958742433,0.0,31.039344958742433,0.0,24.974542720704605,0.0,0.0,22.910242337629278,8.018584818170247,10.309609051933176,16.345827741790792,52.30664877373054,0.8551757827072843,2.565527348121853,0.0,0.0,3.111046727189759,0.0,29.239943986282164,10.470137299915912,0.0,39.21896140152091,3.8168622595652697,0.0,0.0,0.0,0.0,0.0,11.803036727364832,5.952300685875409,11.005108740818377,4.143499579371369,1.5041430289633455,0.0,52.0,7.8,46.0,45.0,0.0,0.19479413790466127,1.0,31.124776789364063,47.97443088368797,0.7696582044365559,43.72042224592945,24.974542720704605,24.974542720704605,0.0,21.653688194834196,5.413422048708549,5.413422048708549,0.0,0.0,0.0,0.0,-7.105427357601002e-15,0.0,0.0,0.0,-1.1639881187666496,0.0,0.09666975913128173,0.0
0,winter_heating,冬季采暖日,1.0,0.5,0.25,39.77372422394682,52.53076054980897,2.597345027428337,31.039344958742433,0.0,31.039344958742433,0.0,26.17733000058201,0.0,0.0,19.97512494532271,6.991293730862949,8.988806225395221,16.345827741790792,52.30664877373054,0.8657816758094458,2.597345027428337,0.0,0.0,3.4181918620019465,0.0,30.050302556308313,8.76469444931679,0.0,41.280966852532885,3.804443186638392,0.0,0.0,0.0,0.0,0.0,11.811031997786403,5.956139368567153,11.02054442941158,4.144329852196457,1.5050860692310126,0.0,52.0,7.8,46.0,45.0,0.0,0.2041755273413605,1.0,31.02350489467852,48.32829970582426,0.7792035082285012,43.578167410585216,26.17733000058201,26.17733000058201,0.0,21.066664716372884,5.266666179093221,5.266666179093221,0.0,0.0,0.0,0.0,-1.4210854715202004e-14,0.0,0.0,0.0,-1.0272910873072982,0.0,0.03181767930648416,0.0
0,winter_heating,冬季采暖日,1.0,0.75,0.25,39.583739355234826,52.94956732770722,2.5386675702172274,31.039344958742433,0.0,31.039344958742433,0.0,28.790403509028366,0.0,0.0,19.97512494532271,6.991293730862949,8.988806225395221,16.345827741790792,52.30664877373054,0.8462225234057424,2.5386675702172274,0.0,0.0,6.258981857266881,0.0,31.535308232281384,8.345887671418536,0.0,43.24247469106852,3.786270720935505,0.0,0.0,0.0,0.0,0.0,11.82435696254321,5.961047137568058,11.03826747179009,4.145336221304789,1.5062194231045318,0.0,52.0,7.8,46.0,45.0,0.0,0.22455673740200882,1.0,30.87531669708316,48.71360194149065,0.7616002710651683,43.37001007617033,28.790403509028366,28.790403509028366,0.0,21.066664716372884,5.266666179093221,5.266666179093221,0.0,0.0,0.0,0.0,0.0,0.0,0.0,0.0,0.0,0.0,-0.05867745721110973,0.0
0,winter_heating,冬季采暖日,1.0,1.0,0.25,39.503279614373135,53.23313053340096,2.6570410615668694,31.039344958742433,0.0,31.039344958742433,0.0,29.534741540511607,0.0,0.0,19.97512494532271,6.991293730862949,8.988806225395221,16.345827741790792,52.30664877373054,0.8856803538556232,2.6570410615668694,0.0,0.0,7.052017948287836,0.0,33.20858572958813,8.062324465724798,0.0,45.13565551433263,3.7785745718096044,0.0,0.0,0.0,0.0,0.0,11.843168080171502,5.967280280597358,11.058514982387573,4.146550857169545,1.50757567744426,0.0,52.0,7.8,46.0,45.0,0.0,0.23036235661890153,1.0,30.812558099211046,48.97448009072889,0.7971123184700608,43.28185418618274,29.534741540511607,29.534741540511607,0.0,21.066664716372884,5.266666179093221,5.266666179093221,0.0,0.0,0.0,0.0,-7.105427357601002e-15,0.0,0.0,0.0,0.0,0.0,0.11837349134964192,0.0
0,winter_heating,冬季采暖日,1.0,1.25,0.25,39.680860846217875,53.71860486144372,2.547195414795819,31.039344958742433,0.0,31.039344958742433,0.0,30.72939985850246,0.0,0.0,19.97512494532271,6.991293730862949,8.988806225395221,16.345827741790792,52.30664877373054,0.849065138265273,2.547195414795819,0.0,0.0,8.08872421915219,0.0,35.127997302350295,7.576850137682035,0.0,46.912589594274955,3.79556060268171,0.0,0.0,0.0,0.0,0.0,11.867717127333288,5.975144221339654,11.081529986364508,4.148010616958637,1.5091917114992284,0.0,52.0,7.8,46.0,45.0,0.0,0.23968034252743775,1.0,30.951071460049942,49.42111647252823,0.7641586244387456,43.476421448899586,30.72939985850246,30.72939985850246,0.0,21.066664716372884,5.266666179093221,5.266666179093221,0.0,0.0,0.0,0.0,0.0,0.0,0.0,0.0,0.0,0.0,-0.10984564677105046,0.0
0,winter_heating,冬季采暖日,1.0,1.5,0.25,39.421522980729705,54.10606766433497,2.5251238873028687,31.039344958742433,0.0,31.039344958742433,0.0,31.076188837515698,0.0,0.0,19.97512494532271,6.991293730862949,8.988806225395221,16.345827741790792,52.30664877373054,0.8417079624342896,2.5251238873028687,0.0,0.0,8.727014470096496,0.0,37.198906839133095,7.189387334790785,0.0,48.59661279149063,3.7707543720697982,0.0,0.0,0.0,0.0,0.0,11.898401780500912,5.984999565983458,11.107557969587834,4.149757472548207,1.5111089965382423,0.0,52.0,7.8,46.0,45.0,0.0,0.24238519526316843,1.0,30.74878792496917,49.77758225118817,0.7575371661908606,43.1922773527995,31.076188837515698,31.076188837515698,0.0,21.066664716372884,5.266666179093221,5.266666179093221,0.0,0.0,0.0,0.0,7.105427357601002e-15,0.0,0.0,0.0,0.0,0.0,-0.02207152749295016,0.0
0,winter_heating,冬季采暖日,1.0,1.75,0.25,39.62312927769124,54.4069697968666,2.426954150607698,31.039344958742433,0.0,31.039344958742433,0.0,31.051468993481997,0.0,0.0,19.97512494532271,6.991293730862949,8.988806225395221,16.345827741790792,52.30664877373054,0.8089847168692327,2.426954150607698,0.0,0.0,8.514127494087386,0.0,39.21915217363689,6.88848520225916,0.0,50.20832972063143,3.7900384526487274,0.0,0.0,0.0,0.0,0.0,11.935829464657784,5.997268003487311,11.136842816731102,4.151838924411007,1.5133738613170247,0.0,52.0,7.8,46.0,45.0,0.0,0.24219238770062235,1.0,30.90604083659917,50.054412213117274,0.7280862451823095,43.41316773033997,31.051468993481997,31.051468993481997,0.0,21.066664716372884,5.266666179093221,5.266666179093221,0.0,0.0,0.0,0.0,-1.4210854715202004e-14,0.0,0.0,0.0,0.0,0.0,-0.0981697366951706,0.0
0,winter_heating,冬季采暖日,1.0,2.0,0.25,39.5907653463252,55.05665026790904,2.444647077793212,31.039344958742433,0.0,31.039344958742433,0.0,30.224115282866954,0.0,0.0,19.97512494532271,6.991293730862949,8.988806225395221,16.345827741790792,52.30664877373054,0.814882359264404,2.444647077793212,0.0,0.0,7.716335752834744,0.0,41.04982095732646,6.238804731216716,0.0,51.66494167943509,3.786942772257193,0.0,0.0,0.0,0.0,0.0,11.980893187737404,6.012437773514979,11.169622156628202,4.154308387541256,1.5160377092753505,0.0,52.0,7.8,46.0,45.0,0.0,0.23573927043622211,1.0,30.880796970133655,50.65211824647632,0.7333941233379636,43.37770811858239,30.224115282866954,30.224115282866954,0.0,21.066664716372884,5.266666179093221,5.266666179093221,0.0,0.0,0.0,0.0,0.0,0.0,0.0,0.0,0.0,0.0,0.017692927185513962,0.0
0,winter_heating,冬季采暖日,1.0,2.25,0.25,39.70476887553459,55.603258623983116,2.404757105361467,31.039344958742433,0.0,31.039344958742433,0.0,30.164706841411725,0.0,0.0,19.97512494532271,6.991293730862949,8.988806225395221,16.345827741790792,52.30664877373054,0.8015857017871557,2.404757105361467,0.0,0.0,7.5453157542447356,0.0,42.83978095791172,5.692196375142641,0.0,52.99100584769175,3.7978474576598305,0.0,0.0,0.0,0.0,0.0,12.034854888068281,6.031068355876284,11.206122157912276,4.157225533376328,1.519157171837129,0.0,52.0,7.8,46.0,45.0,0.0,0.2352759019466787,1.0,30.969719722916977,51.154997934064475,0.7214271316084401,43.50261633319442,30.164706841411725,30.164706841411725,0.0,21.066664716372884,5.266666179093221,5.266666179093221,0.0,0.0,0.0,0.0,1.4210854715202004e-14,0.0,0.0,0.0,0.0,0.0,-0.03988997243174497,0.0
0,winter_heating,冬季采暖日,1.0,2.5,0.25,39.938401591882815,56.14221245408088,2.5479203426725103,31.039344958742433,0.0,31.039344958742433,0.0,30.11925091614431,0.0,0.0,19.97512494532271,6.991293730862949,8.988806225395221,16.345827741790792,52.30664877373054,0.8493067808908368,2.5479203426725103,0.0,0.0,7.196158556309501,0.0,44.54672662598733,5.153242545044881,0.0,54.18840544921607,3.820194934875748,0.0,0.0,0.0,0.0,0.0,12.099427468518607,6.053793977474161,11.246551844290934,4.160656569546652,1.5227941808836123,0.0,52.0,7.8,46.0,45.0,0.0,0.23492135900772892,1.0,31.151953241668593,51.650835457754404,0.764376102801753,43.758596526758566,30.11925091614431,30.11925091614431,0.0,21.066664716372884,5.266666179093221,5.266666179093221,0.0,0.0,0.0,0.0,0.0,0.0,0.0,0.0,0.0,0.0,0.1431632373110432,0.0
0,winter_heating,冬季采暖日,1.0,2.75,0.25,39.91518155480787,56.78347646540558,2.508734448409157,31.039344958742433,0.0,31.039344958742433,0.0,29.069610219748707,0.0,0.0,19.97512494532271,6.991293730862949,8.988806225395221,16.345827741790792,52.30664877373054,0.8362448161363857,2.508734448409157,0.0,0.0,6.185020908767849,0.0,46.013441755488394,4.51197853372018,0.0,55.23290614825001,3.817973887851188,0.0,0.0,0.0,0.0,0.0,12.176841481288626,6.081325481399429,11.291097026811965,4.164674437326223,1.5270159424802652,0.0,52.0,7.8,46.0,45.0,0.0,0.22673446818651988,1.0,31.13384161275014,52.240798348173136,0.752620334522747,43.73315544265906,29.069610219748707,29.069610219748707,0.0,21.066664716372884,5.266666179093221,5.266666179093221,0.0,0.0,0.0,0.0,7.105427357601002e-15,0.0,0.0,0.0,0.0,0.0,-0.039185894263353394,0.0
0,winter_heating,冬季采暖日,1.0,3.0,0.25,40.396872375665104,57.31391616076765,2.477359551337696,31.039344958742433,0.0,31.039344958742433,0.0,28.18025806564024,0.0,0.0,19.97512494532271,6.991293730862949,8.988806225395221,16.944677241935764,54.222967174194444,0.8257865171125652,2.477359551337696,0.0,0.0,4.179511958512044,0.0,47.003775173547226,5.897857238822018,0.0,56.606030789396115,3.864048662020141,0.0,0.0,0.0,0.0,0.0,12.269877091397662,6.114450062848668,11.339913979209037,4.169358904978092,1.5318947933621572,0.0,52.0,7.8,46.0,45.0,0.0,0.2197977811732441,1.0,31.509560453018782,52.72880286790624,0.7432078654013087,44.26092103768524,28.18025806564024,28.18025806564024,0.0,21.066664716372884,5.266666179093221,5.266666179093221,0.0,0.0,0.0,0.0,-7.105427357601002e-15,0.0,0.0,0.0,0.0,1.9163184004639078,-0.03137489707146113,0.0
0,winter_heating,冬季采暖日,1.0,3.25,0.25,40.742546577557654,58.414524803354006,2.475770384769521,31.039344958742433,0.0,31.039344958742433,0.0,27.12304822318614,0.0,0.0,19.97512494532271,6.991293730862949,8.988806225395221,17.31990959013481,55.4237106884314,0.8252567949231736,2.475770384769521,0.0,0.0,2.3688607992790622,0.0,47.564029424617324,5.997992110472616,0.0,58.002250900238664,3.8971131508968195,0.0,0.0,0.0,0.0,0.0,12.381837685767072,6.1540283534154545,11.393123010732625,4.174796533914582,1.5375079216242937,0.0,52.0,7.8,46.0,45.0,0.0,0.211551853223803,1.0,31.77918633049497,53.74136281908569,0.7427311154308562,44.639659728454475,27.12304822318614,27.12304822318614,0.0,21.066664716372884,5.266666179093221,5.266666179093221,0.0,0.0,0.0,0.0,-7.105427357601002e-15,0.0,0.0,0.0,0.0,1.2007435142369545,-0.0015891665681748712,0.0
0,winter_heating,冬季采暖日,1.0,3.5,0.25,40.90501262685588,59.402379270523745,2.650332218662188,31.039344958742433,0.0,31.039344958742433,0.0,26.555386005413276,0.0,0.0,19.97512494532271,6.991293730862949,8.988806225395221,17.31990959013481,55.4237106884314,0.883444072887396,2.650332218662188,0.0,0.0,1.5650050234413122,0.0,47.933339916213406,5.010137643302876,0.0,59.163157465072985,3.912653381699258,0.0,0.0,0.0,0.0,0.0,12.516439905905806,6.2009883347360875,11.450802117436693,4.181080493850458,1.5439369336234074,0.0,52.0,7.8,46.0,45.0,0.0,0.20712425374505694,1.0,31.905909848947584,54.650188928881846,0.7950996655986564,44.817666008555136,26.555386005413276,26.555386005413276,0.0,21.066664716372884,5.266666179093221,5.266666179093221,0.0,0.0,0.0,0.0,-7.105427357601002e-15,0.0,0.0,0.0,0.0,0.0,0.1745618338926671,0.0
0,winter_heating,冬季采暖日,1.0,3.75,0.25,41.252343715073856,60.535426307759415,2.5832581768328695,31.039344958742433,0.0,31.039344958742433,0.0,26.85419115065756,0.0,0.0,19.97512494532271,6.991293730862949,8.988806225395221,17.31990959013481,55.4237106884314,0.8610860589442898,2.5832581768328695,0.0,0.0,1.5056141207550908,0.0,48.28852660289693,3.877090606067206,0.0,60.05438490528142,3.9458763553548906,0.0,0.0,0.0,0.0,0.0,12.67759771938531,6.256315590086826,11.512980916235565,4.18831020305209,1.5512672503706577,0.0,52.0,7.8,46.0,45.0,0.0,0.20945484659395355,1.0,32.17682809775761,55.69259220313866,0.7749774530498609,45.19822007042875,26.85419115065756,26.85419115065756,0.0,21.066664716372884,5.266666179093221,5.266666179093221,0.0,0.0,0.0,0.0,7.105427357601002e-15,0.0,0.0,0.0,0.0,0.0,-0.06707404182931853,0.0
0,winter_heating,冬季采暖日,1.0,4.0,0.25,41.842922293927316,61.906269501394696,2.575479389204729,31.039344958742433,0.0,31.039344958742433,0.0,27.280198178262864,0.0,0.0,19.97512494532271,6.991293730862949,8.988806225395221,17.31990959013481,55.4237106884314,0.8584931297349097,2.575479389204729,0.0,0.0,1.2871453737825078,0.0,48.591809202840125,2.506247412431925,0.0,60.61959147328136,4.0023664802887,0.0,0.0,0.0,0.0,0.0,12.869086902678674,6.321039463439713,11.579635084607881,4.196590770506949,1.5595873187619862,0.0,52.0,7.8,46.0,45.0,0.0,0.2127775769683082,1.0,32.637479389263305,56.953767941283125,0.7726438167614187,45.845288774216016,27.280198178262864,27.280198178262864,0.0,21.066664716372884,5.266666179093221,5.266666179093221,0.0,0.0,0.0,0.0,0.0,0.0,0.0,0.0,0.0,0.0,-0.007778787628140549,0.0
0,winter_heating,冬季采暖日,1.0,4.25,0.25,42.15996179708965,63.10079420850043,2.437118654269297,31.039344958742433,0.0,31.039344958742433,0.0,27.29911296630223,0.0,0.0,19.97512494532271,6.991293730862949,8.988806225395221,17.31990959013481,55.4237106884314,0.8123728847564323,2.437118654269297,0.0,0.0,1.0048153859442266,0.0,48.82802326654174,1.31172270532619,0.0,60.9008158200597,4.0326919979824885,0.0,0.0,0.0,0.0,0.0,13.09409167615053,6.396214793782231,11.650681541021164,4.206032218477407,1.5689876259172395,0.0,52.0,7.8,46.0,45.0,0.0,0.2129251067898141,1.0,32.88477020172993,58.0527306718204,0.7311355962807891,46.19265379507214,27.29911296630223,27.29911296630223,0.0,21.066664716372884,5.266666179093221,5.266666179093221,0.0,0.0,0.0,0.0,0.0,0.0,0.0,0.0,0.0,0.0,-0.1383607349354321,0.0
0,winter_heating,冬季采暖日,1.0,4.5,0.25,42.69226786807388,64.41251691382662,2.402180923512912,31.039344958742433,0.0,31.039344958742433,0.0,28.295466956093446,0.0,0.0,19.97512494532271,6.991293730862949,8.988806225395221,17.31990959013481,55.4237106884314,0.800726974504304,2.402180923512912,0.0,0.0,1.429592982126593,0.0,49.165110198633485,-0.0,0.0,60.870365412149674,4.083608230859241,0.0,0.0,0.0,0.0,0.0,13.35465654349753,6.4828990307420495,11.725974605450592,4.216748466565439,1.5795595087182277,0.0,52.0,7.8,46.0,45.0,0.0,0.22069637686509555,1.0,33.299968937097624,59.25951556072049,0.7206542770538735,46.77587609893312,28.295466956093446,28.295466956093446,0.0,21.066664716372884,5.266666179093221,5.266666179093221,0.0,0.0,0.0,0.0,7.105427357601002e-15,0.0,0.0,0.0,0.0,0.0,-0.034937730756384955,0.0
0,winter_heating,冬季采暖日,1.0,4.75,0.25,42.99958148288732,65.99866167731045,2.4379838355862886,31.039344958742433,0.0,31.039344958742433,0.0,28.548729587824223,0.0,0.0,22.850074085549196,7.997525929942218,10.282533338497139,17.493485309974474,55.979152991918326,0.8126612785287629,2.4379838355862886,0.0,0.0,2.16686895892909,0.0,49.67728332086921,0.26302465310501333,0.0,60.90239858455605,4.113003446189222,0.0,0.0,0.0,0.0,0.0,13.651091226853284,6.582124716211198,11.805303374379491,4.228856062181404,1.5913937553560473,0.0,52.0,7.8,46.0,45.0,0.0,0.2226717514120162,1.0,33.53967355665211,60.71876874312562,0.7313951506758866,47.11258492907655,28.548729587824223,28.548729587824223,0.0,21.64165454441818,5.410413636104545,5.410413636104545,0.0,0.0,0.0,0.0,0.0,0.0,0.0,0.0,1.0062321990792693,0.5554423034869274,0.035802912073376714,0.0
0,winter_heating,冬季采暖日,1.0,5.0,0.25,43.625930731629076,67.41192448150048,2.5730860282444636,31.039344958742433,0.0,31.039344958742433,0.0,26.61383820670243,0.0,0.0,26.175754424882477,9.161514048708867,11.779089491197116,17.493485309974474,55.979152991918326,0.8576953427481545,2.5730860282444636,0.0,0.0,0.6646707163418455,0.0,49.83265875183435,0.3463180016149643,0.0,60.95419791064734,4.172915113460173,0.0,0.0,0.0,0.0,0.0,13.981400759265638,6.6948675336662316,11.888390529242258,4.242472647229077,1.6045790012890015,0.0,52.0,7.8,46.0,45.0,0.0,0.2075801638406324,1.0,34.02822597067068,62.01897052298044,0.771925808473339,47.79884584508925,26.61383820670243,26.61383820670243,0.0,22.306790612284836,5.576697653071209,5.576697653071209,0.0,0.0,0.0,0.0,7.105427357601002e-15,0.0,0.0,0.0,1.1639881187666488,0.0,0.13510219265817502,0.0
0,winter_heating,冬季采暖日,1.0,5.25,0.25,44.574116520527475,69.12647400863513,2.3611540306541294,31.039344958742433,0.0,31.039344958742433,0.0,25.76390827933015,0.0,0.0,29.501434764215762,10.325502167475516,13.275645643897093,17.493485309974474,55.979152991918326,0.7870513435513765,2.3611540306541294,0.0,0.0,0.010491086053015783,0.0,49.83265875183435,0.12832462718030888,0.0,60.95419791064734,4.263611145441758,0.0,0.0,0.0,0.0,0.0,14.340830799785364,6.822010377238499,11.974892770582164,4.257715156898589,1.6191999284026473,0.0,52.0,7.8,46.0,45.0,0.0,0.20095095868026727,1.0,34.76781088601143,63.59635608794432,0.7083462091962388,48.83772766596923,25.76390827933015,25.76390827933015,0.0,22.971926680151494,5.7429816700378735,5.7429816700378735,0.0,0.0,0.0,0.0,0.0,-1.4210854715202004e-14,0.0,0.0,1.1639881187666496,0.0,-0.2119319975903342,0.0
0,winter_heating,冬季采暖日,1.0,5.5,0.25,45.0476467295697,70.45961519557528,2.3537720527641515,31.039344958742433,0.0,31.039344958742433,0.0,25.402270069408328,0.0,0.0,29.561603016295845,10.346561055703544,13.30272135733313,17.86152932445067,57.156893838242155,0.7845906842547171,2.3537720527641515,0.0,0.0,0.0,0.0,49.83016711889676,0.0,0.0,60.92372081169202,3.0944093455792157,0.0,0.0,0.0,0.0,0.0,14.721624291661577,6.964304168152685,12.064403031854226,4.274697753660234,1.6353352832366128,0.0,52.0,7.8,46.0,45.0,0.0,0.19813028628106033,1.0,35.137164449064365,64.82284597992926,0.7061316158292454,48.142056075148915,25.402270069408328,25.402270069408328,0.0,22.98396033056751,5.745990082641877,5.745990082641877,0.0,0.0,0.0,0.0,7.105427357601002e-15,0.0,0.0,0.0,0.02105888822802804,1.1777408463238288,-0.007381977889977964,0.0
0,winter_heating,冬季采暖日,1.0,5.75,0.25,45.840176055742916,71.66342151924356,2.3566576118724294,31.039344958742433,0.0,31.039344958742433,0.0,23.84515582552946,0.0,0.0,29.561603016295845,10.346561055703544,13.30272135733313,18.23771880059701,58.36070016191043,0.7855525372908098,2.3566576118724294,0.0,0.0,0.0,0.0,49.827675610540815,0.0,0.0,60.89325895128618,0.3676144463447031,0.0,0.0,0.0,0.0,0.0,15.113075053761536,7.122326435586738,12.15645457693127,4.29352950778261,1.6530557377363582,0.0,52.0,7.8,46.0,45.0,0.0,0.185985250027644,1.0,35.75533732347948,65.93034779770407,0.7069972835617288,46.20779050208762,23.84515582552946,23.84515582552946,0.0,22.98396033056751,5.745990082641877,5.745990082641877,0.0,0.0,0.0,0.0,0.0,0.0,0.0,0.0,0.0,1.2038063236682746,0.002885559108277924,0.0
0,winter_heating,冬季采暖日,1.0,6.0,0.25,46.90632820200521,72.7080626012273,2.378995889316104,31.039344958742433,0.0,31.039344958742433,0.0,23.015446400093918,0.0,0.0,29.561603016295845,10.346561055703544,13.30272135733313,18.295875636710843,58.546802037474706,0.7929986297720347,2.378995889316104,0.0,0.0,0.0,0.0,49.825184226760285,0.0,0.858539206419465,60.63688095170016,0.0,1.593850053948203,0.0,0.0,0.0,0.0,15.501934805405533,7.296438967990432,12.250527024684587,4.314311844808757,1.6724216238937528,0.0,52.0,7.8,46.0,45.0,0.0,0.17951375887577203,1.0,36.58693599756407,66.8914175931291,0.7136987667948312,45.31247814805701,23.015446400093918,23.015446400093918,0.0,22.98396033056751,5.745990082641877,5.745990082641877,0.0,0.0,0.0,0.0,7.105427357601002e-15,0.0,0.0,0.0,0.0,0.18610187556427604,0.02233827744367467,0.0
0,winter_heating,冬季采暖日,1.0,6.25,0.25,47.72631934024283,73.39494822054398,2.3925199202045646,31.039344958742433,0.0,31.039344958742433,0.0,24.09826914505344,0.0,0.0,29.561603016295845,10.346561055703544,13.30272135733313,18.57929119577573,59.45373182648234,0.7975066400681882,2.3925199202045646,0.0,0.0,0.0,0.0,49.822692967548946,0.0,0.6384950367285143,60.43853750155891,0.0,1.6189420165873327,0.0,0.0,0.0,0.0,15.873184341470656,7.486746112586193,12.346054273868399,4.33713579020443,1.6934805816070466,0.0,52.0,7.8,46.0,45.0,0.0,0.18795945998296726,1.0,37.22652908538941,67.52335236290047,0.7177559760613693,46.1073773236555,24.09826914505344,24.09826914505344,0.0,22.98396033056751,5.745990082641877,5.745990082641877,0.0,0.0,0.0,0.0,0.0,0.0,0.0,0.0,0.0,0.9069297890076342,0.013524030888460548,0.0
0,winter_heating,冬季采暖日,1.0,6.5,0.25,48.479154709044096,73.77267078560197,2.4400142836244783,31.039344958742433,0.0,31.039344958742433,0.0,24.82233521264956,0.0,0.0,29.561603016295845,10.346561055703544,13.30272135733313,18.558681799644436,59.387781758862204,0.8133380945414928,2.4400142836244783,0.0,0.0,0.0,0.0,49.820201832900565,0.0,1.082167669406644,60.12353726717481,0.0,1.6429333761344924,0.0,0.0,0.0,0.0,16.211123198321882,7.6930555365119675,12.442434223970382,4.3620790515751535,1.7162651668298874,0.0,52.0,7.8,46.0,45.0,0.0,0.19360696380318634,1.0,37.8137406730544,67.87085712275382,0.7320042850873435,46.8362213329096,24.82233521264956,24.82233521264956,0.0,22.98396033056751,5.745990082641877,5.745990082641877,0.0,0.0,0.0,0.0,1.4210854715202004e-14,0.0,0.0,0.0,0.0,-0.06595006762013611,0.04749436341991364,0.0
0,winter_heating,冬季采暖日,1.0,6.75,0.25,49.535150200202466,74.06761513300802,2.3842526176815926,31.039344958742433,0.0,31.039344958742433,0.0,24.556332979836462,0.0,0.0,29.561603016295845,10.346561055703544,13.30272135733313,17.896688999509085,57.26940479842908,0.7947508725605309,2.3842526176815926,0.0,0.0,0.0,0.6192706921509341,49.654744851190245,0.0,3.495488977245813,59.17360997821338,0.0,1.6650803858387087,0.0,0.0,0.0,0.0,16.500674835530376,7.914843443360571,12.539040105393347,4.389202989109877,1.7407904742722486,0.0,52.0,7.8,46.0,45.0,0.0,0.19153222408919007,1.0,38.637417156157916,68.14220592236738,0.7152757853044778,47.87006981436376,24.556332979836462,24.556332979836462,0.0,22.98396033056751,5.745990082641877,5.745990082641877,0.0,0.0,0.0,0.0,0.0,0.0,0.0,0.0,0.0,-2.1183769604331246,-0.055761665942885674,0.0
0,winter_heating,冬季采暖日,1.0,7.0,0.25,50.31022522838635,74.11323175832527,2.7020401074484397,31.039344958742433,0.0,31.039344958742433,0.051407452857997527,25.985547644895963,9.71445146547012e-16,0.0,29.561603016295845,10.346561055703544,13.30272135733313,17.896688999509085,57.26940479842908,0.9006800358161465,2.7020401074484397,0.0,0.0,0.0,0.0,49.652262113947685,0.0,3.5411056025630643,58.212153277812945,0.0,1.684733151511642,0.0,0.0,0.0,0.0,16.728757539713456,8.151226344559491,12.635233148620934,4.418549534876894,1.7670518352263433,0.0,93.28,13.991999999999999,46.0,45.0,0.0015518891833818601,0.2026796809885775,1.0,39.24197567814136,68.18417321765925,0.8106120322345319,48.62549207687471,26.03695509775396,26.03695509775396,9.71445146547012e-16,22.98396033056751,5.745990082641877,5.745990082641877,0.0,0.0,0.0,0.0,7.105427357601002e-15,0.0,0.0,0.0,0.0,0.0,0.3177874897668471,0.0
0,winter_heating,冬季采暖日,1.0,7.25,0.25,51.14721111365665,73.98059014814903,2.7353541249301765,31.039344958742433,0.0,31.039344958742433,0.2924419427187068,25.894166236059522,-1.0547118733938987e-15,0.0,29.561603016295845,10.346561055703544,13.30272135733313,17.739132570345255,56.76522422510482,0.9117847083100589,2.7353541249301765,0.0,0.0,0.0,0.5242162643247141,49.51182785233547,0.0,3.9126445657110906,57.153403894407965,0.0,1.7013979347630461,0.0,0.0,0.0,0.0,16.885545618962553,8.400941498590528,12.730376240739366,4.450138130862656,1.795022656174443,0.0,93.28,13.991999999999999,46.0,45.0,0.008828243035615104,0.20196693269308816,1.0,39.89482466865219,68.06214293629712,0.8206062374790529,49.44581317889361,26.18660817877823,26.18660817877823,-1.0547118733938987e-15,22.98396033056751,5.745990082641877,5.745990082641877,0.0,0.0,0.0,0.0,-7.105427357601002e-15,0.0,0.0,0.0,0.0,-0.5041805733242626,0.03331401748173679,0.0
0,winter_heating,冬季采暖日,1.0,7.5,0.25,51.51231489500062,73.40011210953826,2.7561760214628306,31.039344958742433,0.0,31.039344958742433,0.5783319677675571,26.49114943556976,-6.661338147750939e-16,0.0,29.561603016295845,10.346561055703544,13.30272135733313,17.739132570345255,56.76522422510482,0.9187253404876102,2.7561760214628306,0.0,0.0,0.0,0.0,49.509352260942855,0.0,3.3321665271003127,56.24794126427647,0.0,1.7147853880501955,0.0,0.0,0.0,0.0,16.965448245462177,8.66233803793697,12.823848143084806,4.4839627637715305,1.8246524673583497,0.0,93.28,13.991999999999999,46.0,45.0,0.01745869665360738,0.20662322726443005,1.0,40.17960561810049,67.5281031407752,0.8268528064388492,49.797529506950426,27.069481403337317,27.069481403337317,-6.661338147750939e-16,22.98396033056751,5.745990082641877,5.745990082641877,0.0,0.0,0.0,0.0,7.105427357601002e-15,0.0,0.0,0.0,0.0,0.0,0.020821896532654094,0.0
0,winter_heating,冬季采暖日,1.0,7.75,0.25,51.97731609045594,72.48361982285381,2.9746806449329863,31.039344958742433,0.0,31.039344958742433,0.8998797267897807,25.928749909461303,1.4432899320127035e-15,0.0,29.561603016295845,10.346561055703544,13.30272135733313,17.546196175607214,56.147827761943084,0.9915602149776621,2.9746806449329863,0.0,0.0,0.0,0.575699071281889,49.35537703772931,0.0,3.0330707035776,55.42164079270286,0.0,1.7248377590618675,0.0,0.0,0.0,0.0,16.96766623875921,8.933380593651512,12.915057780333491,4.519989181152683,1.8558652521421384,0.0,93.28,13.991999999999999,46.0,45.0,0.02716558663599304,0.20223667524338085,1.0,40.54230655055564,66.68493023702551,0.8924041934798959,50.25247833139407,26.828629636251083,26.828629636251083,1.4432899320127035e-15,22.98396033056751,5.745990082641877,5.745990082641877,0.0,0.0,0.0,0.0,0.0,1.4210854715202004e-14,0.0,0.0,0.0,-0.6173964631617324,0.21850462347015576,0.0
0,winter_heating,冬季采暖日,1.0,8.0,0.25,52.366254490832496,71.27993872807215,3.057881872171108,31.039344958742433,0.0,31.039344958742433,1.322471770254861,26.371823408216674,2.220446049250313e-16,0.0,29.561603016295845,10.346561055703544,13.30272135733313,17.546196175607214,56.147827761943084,1.0192939573903692,3.057881872171108,0.0,0.0,0.0,0.11981240721143394,49.32137968803231,0.0,1.8293896087959425,54.91251165420232,0.0,1.7317310237011303,0.0,0.0,0.0,0.0,16.896245507879964,9.211666895843113,13.003458063527212,4.558152377957555,1.8885581275123642,0.0,93.28,13.991999999999999,46.0,45.0,0.03992280343582627,0.20569251910741695,1.0,40.84567850284935,65.57754362982638,0.9173645616513323,50.634523467131366,27.694295178471535,27.694295178471535,2.220446049250313e-16,22.98396033056751,5.745990082641877,5.745990082641877,0.0,0.0,0.0,0.0,7.105427357601002e-15,0.0,0.0,0.0,0.0,0.0,0.08320122723812151,0.0
0,winter_heating,冬季采暖日,1.0,8.25,0.25,52.86367194343273,69.89221327100404,3.1702801076405587,31.039344958742433,0.0,31.039344958742433,1.8125502929408555,26.53232025985502,-1.3322676295501878e-15,0.0,29.561603016295845,10.346561055703544,13.30272135733313,17.546196175607214,56.147827761943084,1.0567600358801863,3.1702801076405587,0.0,0.0,0.0,0.0,49.318913619047905,0.0,0.4416641517278279,54.76882799002573,0.0,1.7358515876782759,0.0,0.0,0.0,0.0,16.75961949054026,9.494460376908522,13.088558681564926,4.5983544447590745,1.922600443223189,0.0,93.28,13.991999999999999,46.0,45.0,0.05471730337856794,0.2069443476674404,1.0,41.23366411587753,64.30083620932372,0.9510840322921675,51.12782035575445,28.344870552795875,28.344870552795875,-1.3322676295501878e-15,22.98396033056751,5.745990082641877,5.745990082641877,0.0,0.0,0.0,0.0,-7.105427357601002e-15,0.0,0.0,0.0,0.0,0.0,0.11239823546945082,0.0
0,winter_heating,冬季采暖日,1.0,8.5,0.25,52.98643974005348,68.43531139042895,3.2318172931550837,31.039344958742433,0.0,31.039344958742433,2.402289165740207,27.371939523796936,0.0,0.0,29.561603016295845,10.346561055703544,13.30272135733313,17.228934385342445,55.13259003309582,1.0772724310516946,3.2318172931550837,0.0,0.0,0.0,0.0,49.31644767336695,0.0,0.0,54.74144357603072,0.0,0.13251185246449992,0.0,0.0,0.0,0.0,16.56970800093928,9.778738241769414,13.169937291307198,4.640462868235925,1.9578333617716144,0.0,93.28,13.991999999999999,46.0,45.0,0.07252035190239164,0.2134931326648979,1.0,41.329422997241714,62.960486479194635,0.9695451879465251,52.85392788758898,29.774228689537143,29.774228689537143,0.0,22.98396033056751,5.745990082641877,5.745990082641877,0.0,0.0,0.0,0.0,0.0,0.0,0.0,0.0,0.0,-1.0152377288472607,0.06153718551452503,0.0
0,winter_heating,冬季采暖日,1.0,8.75,0.25,53.14484280375881,67.16412594274682,3.268418764304312,31.039344958742433,0.0,31.039344958742433,2.9824324884018196,26.66635332209551,0.0,0.0,29.561603016295845,10.346561055703544,13.30272135733313,16.831688932941777,53.861404585413695,1.0894729214347707,3.268418764304312,0.0,0.0,0.0,0.0,49.31398185098328,0.0,0.0,54.71407285424271,0.0,0.0313128331920538,0.0,0.0,0.0,0.0,16.340702352535956,10.061254811806684,13.247248558544662,4.684309370871468,1.9940699735316383,0.0,93.28,13.991999999999999,46.0,45.0,0.09003372977265288,0.20798976640050146,1.0,41.45297738693187,61.79099586732708,0.9805256292912935,53.11352997056676,29.64878581049733,29.64878581049733,0.0,22.98396033056751,5.745990082641877,5.745990082641877,0.0,0.0,0.0,0.0,7.105427357601002e-15,0.0,0.0,0.0,0.0,-1.2711854476821287,0.03660147114922818,0.0
0,winter_heating,冬季采暖日,1.0,9.0,0.25,53.39258114198119,65.87942395480114,3.456830297492857,31.039344958742433,0.0,31.039344958742433,3.730460668206149,27.643376469103348,0.0,0.0,29.561603016295845,10.346561055703544,13.30272135733313,16.430219561708753,52.576702597468014,1.1522767658309523,3.456830297492857,0.0,0.0,0.0,0.0,49.311516151890736,0.0,0.0,54.68671581781559,1.784665682234575,0.0,0.0,0.0,0.0,0.0,16.087705259780503,10.33861921982056,13.320230552502023,4.729689369961839,2.031095991035345,0.0,93.28,13.991999999999999,46.0,45.0,0.11261521896469212,0.21561026154880747,1.0,41.64621329074532,60.60907003841706,1.037049089247857,55.177246824215764,31.373837137309497,31.373837137309497,0.0,22.98396033056751,5.745990082641877,5.745990082641877,0.0,0.0,0.0,0.0,0.0,0.0,0.0,0.0,0.0,-1.284701987945681,0.1884115331885452,0.0
0,winter_heating,冬季采暖日,1.0,9.25,0.25,53.80267709199995,64.22664747869169,3.6005324001621473,31.039344958742433,0.0,31.039344958742433,4.338740494593896,27.621595326950477,0.0,0.0,29.561603016295845,10.346561055703544,13.30272135733313,15.91372691292455,50.92392612135856,1.2001774667207157,3.6005324001621473,0.0,0.0,0.0,0.0,49.309050576083145,0.0,0.0,54.659372459906685,2.429660364345125,0.0,0.0,0.0,0.0,0.0,15.825402952901179,10.607385761923187,13.38870807577705,4.776362125908751,2.068671053718672,0.0,93.28,13.991999999999999,46.0,45.0,0.13097798215484824,0.21544037500250726,1.0,41.96608813175996,59.088515680396355,1.0801597200486441,56.23233745634508,31.960335821544373,31.960335821544373,0.0,22.98396033056751,5.745990082641877,5.745990082641877,0.0,0.0,0.0,0.0,-7.105427357601002e-15,0.0,0.0,0.0,0.0,-1.6527764761094517,0.14370210266929018,0.0
0,winter_heating,冬季采暖日,1.0,9.5,0.25,54.00299002916984,62.529743255089755,3.5801462114798857,31.039344958742433,0.0,31.039344958742433,4.889703708616661,26.598362576875775,8.881784197001252e-16,0.0,29.561603016295845,10.346561055703544,13.30272135733313,15.383444343048946,49.22702189775663,1.1933820704932951,3.5801462114798857,0.0,0.0,0.0,0.0,49.306585123554335,0.0,0.0,54.63204277367674,2.2941558572263396,0.0,0.0,0.0,0.0,0.0,15.566926630000802,10.86415443404802,13.45259261860132,4.824051636453525,2.106530659712633,0.0,93.28,13.991999999999999,46.0,45.0,0.14761047033987995,0.20745945844857272,1.0,42.12233222275247,57.52736379468258,1.0740438634439657,56.29714588639618,31.488066285492437,31.488066285492437,8.881784197001252e-16,22.98396033056751,5.745990082641877,5.745990082641877,0.0,0.0,0.0,0.0,-7.105427357601002e-15,0.0,0.0,0.0,0.0,-1.6969042236019334,-0.020386188682261608,0.0
0,winter_heating,冬季采暖日,1.0,9.75,0.25,54.08744478176477,60.904465628215654,3.5665514206082674,31.039344958742433,0.0,31.039344958742433,5.43647273276591,25.738960985510385,-8.881784197001252e-16,0.0,29.561603016295845,10.346561055703544,13.30272135733313,15.26688453795139,48.85403052144445,1.1888504735360892,3.5665514206082674,0.0,0.0,0.0,0.0,49.30411979429816,1.25228625056193,0.0,54.902144736798355,2.018159939470017,0.0,0.0,0.0,0.0,0.0,15.323017101426428,11.105678435166043,13.511878758332314,4.872448317189649,2.144388724825195,0.0,93.28,13.991999999999999,46.0,45.0,0.1641163442397079,0.20075637707583027,1.0,42.18820692977653,56.032108377958394,1.0699654261824803,56.10560472123479,31.175433718276295,31.175433718276295,-8.881784197001252e-16,22.98396033056751,5.745990082641877,5.745990082641877,0.0,0.0,0.0,0.0,0.0,0.0,0.0,0.0,0.0,-0.3729913763121786,-0.0135947908716183,0.0
0,winter_heating,冬季采暖日,1.0,10.0,0.25,53.89796418769128,59.49397917242618,3.7143372928308174,31.039344958742433,0.0,31.039344958742433,6.041301037302123,27.127290717050354,3.552713678800501e-15,0.0,29.561603016295845,10.346561055703544,13.30272135733313,15.26688453795139,48.85403052144445,1.2381124309436058,3.7143372928308174,0.0,0.0,0.0,0.0,49.30165458830842,2.6627727063513973,0.0,55.50710218218842,4.151536612212176,0.0,0.0,0.0,0.0,0.0,15.101550459418487,11.328974748290202,13.566636977699005,4.921211489709872,2.181940751190348,0.0,88.0,13.2,46.0,45.0,0.1823749128213042,0.21158494343666845,1.0,42.0404120663992,54.73446083863209,1.1143011878492453,58.049500799903456,33.16859175435248,33.16859175435248,3.552713678800501e-15,22.98396033056751,5.745990082641877,5.745990082641877,0.0,0.0,0.0,0.0,0.0,7.105427357601002e-15,0.0,0.0,0.0,0.0,0.14778587222255002,0.0
0,winter_heating,冬季采暖日,1.0,10.25,0.25,53.83524077065389,58.22616184821725,3.8655523664796174,31.039344958742433,0.0,31.039344958742433,6.459963167698039,26.29052922912471,1.7763568394002505e-15,0.0,29.561603016295845,10.346561055703544,13.30272135733313,15.26688453795139,48.85403052144445,1.2885174554932057,3.8655523664796174,0.0,0.0,0.0,0.0,49.29918950557901,3.9305900305603316,0.0,56.41286376335541,3.745755647170242,0.0,0.0,0.0,0.0,0.0,14.907425336930803,11.53143335654408,13.617003042418625,4.969972677574852,2.2188675697091758,0.0,88.0,13.2,46.0,45.0,0.19501349332922632,0.2050584482573526,1.0,41.99148780111004,53.56806890035987,1.1596657099438852,57.58099641782413,32.75049239682275,32.75049239682275,1.7763568394002505e-15,22.98396033056751,5.745990082641877,5.745990082641877,0.0,0.0,0.0,0.0,0.0,0.0,0.0,0.0,0.0,0.0,0.15121507364880005,0.0
0,winter_heating,冬季采暖日,1.0,10.5,0.25,53.8905713425115,57.20316625272557,4.059298728141686,31.039344958742433,0.0,31.039344958742433,6.862762692126363,24.139959279170455,-8.881784197001252e-16,0.0,29.561603016295845,10.346561055703544,13.30272135733313,15.26688453795139,48.85403052144445,1.3530995760472286,4.059298728141686,0.0,0.0,0.0,0.0,49.29672454610373,4.953585626052011,0.0,57.56113391766109,1.878072529232675,0.0,0.0,0.0,0.0,0.0,14.742763983981526,11.71092025622717,13.663164252787977,5.018339687533169,2.2548396019890076,0.0,88.0,13.2,46.0,45.0,0.20717321318071105,0.1882846308509696,1.0,42.03464564715897,52.626912952507524,1.2177896184425057,55.768643871744175,31.00272197129682,31.00272197129682,-8.881784197001252e-16,22.98396033056751,5.745990082641877,5.745990082641877,0.0,0.0,0.0,0.0,7.105427357601002e-15,0.0,0.0,0.0,0.0,0.0,0.19374636166206827,0.0
0,winter_heating,冬季采暖日,1.0,10.75,0.25,53.888721955482666,56.17817659791842,4.192304429399224,31.039344958742433,0.0,31.039344958742433,7.257973127203645,23.565246041552044,-8.881784197001252e-16,0.0,29.561603016295845,10.346561055703544,13.30272135733313,15.26688453795139,48.85403052144445,1.3974348097997413,4.192304429399224,0.0,0.0,1.3000581962749465,0.0,49.60302353149172,5.978575280859154,0.0,58.95226497990631,0.35602568369291987,0.0,0.0,0.0,0.0,0.0,14.607346880872484,11.865869229701802,13.705343055950921,5.065901429785418,2.289521569660788,0.0,88.0,13.2,46.0,45.0,0.21910383345575635,0.18380203547710258,1.0,42.033203125276486,51.683922470084944,1.257691328819767,54.244747639175586,30.82321916875569,30.82321916875569,-8.881784197001252e-16,22.98396033056751,5.745990082641877,5.745990082641877,0.0,0.0,0.0,0.0,0.0,7.105427357601002e-15,0.0,0.0,0.0,0.0,0.13300570125753808,0.0
0,winter_heating,冬季采暖日,1.0,11.0,0.25,54.074905998254984,55.0952860755967,4.450063959743037,31.039344958742433,0.0,31.039344958742433,7.5253910290629875,22.891176026025953,-8.881784197001252e-16,0.0,29.561603016295845,10.346561055703544,13.30272135733313,15.26688453795139,48.85403052144445,1.4833546532476791,4.450063959743037,0.0,0.0,0.977327880080864,0.0,49.83265875183435,7.061465803180887,0.0,60.59988697567185,0.0,0.0,0.0,0.0,0.0,0.0,14.499186618362078,11.995357370174574,13.743778666204287,5.112233407361841,2.3225775623986644,0.0,70.0,10.5,46.0,45.0,0.22717665026083203,0.1785444862586766,1.0,42.178426678638886,50.687663189548964,1.3350191879229112,54.074905998254984,30.41656705508894,30.41656705508894,-8.881784197001252e-16,22.98396033056751,5.745990082641877,5.745990082641877,0.0,0.0,0.0,0.0,-7.105427357601002e-15,0.0,0.0,0.0,0.0,0.0,0.2577595303438134,0.0
0,winter_heating,冬季采暖日,1.0,11.25,0.25,54.151005652268935,53.906506278727086,4.644583690441407,31.039344958742433,0.0,31.039344958742433,7.619035193140551,19.899499827497973,0.0,0.0,29.561603016295845,10.346561055703544,13.30272135733313,13.19474973328208,42.22319914650266,1.548194563480469,4.644583690441407,0.0,0.0,0.010491086053015783,0.0,49.83265875183435,1.6194142251087058,0.0,60.95419791064734,0.0,0.0,0.0,0.0,0.0,0.0,14.415149990798652,12.099159632324577,13.778707480124346,5.156903781723095,2.3536763613451477,0.0,70.0,10.5,46.0,45.0,0.23000358210124505,0.1552102858090713,1.0,42.23778440876977,49.59398577642892,1.393375107132422,54.151005652268935,27.518535020638524,27.518535020638524,0.0,22.98396033056751,5.745990082641877,5.745990082641877,0.0,0.0,0.0,0.0,-7.105427357601002e-15,0.0,0.0,0.0,0.0,-6.630831374941792,0.19451973069836992,0.0
0,winter_heating,冬季采暖日,1.0,11.5,0.25,54.472422656028264,53.19283333916333,4.7883280760644436,31.039344958742433,0.0,31.039344958742433,7.797474078627243,16.875642858382555,-8.881784197001252e-16,0.0,29.561603016295845,10.346561055703544,13.30272135733313,11.797809637596162,37.75299084030772,1.5961093586881479,4.7883280760644436,0.0,0.0,0.0,0.03695400050797844,49.82044238192098,0.0,2.1371211415224813,60.36132051129136,0.0,1.770364700348818,0.0,0.0,0.0,0.0,14.351553396785064,12.17777823152108,13.81034318201178,5.1994799003694805,2.3824969025845952,0.0,70.0,10.5,46.0,45.0,0.23539029863525487,0.13162508474921297,1.0,42.488489671702055,48.937406672030264,1.436498422819333,52.70205795567944,24.673116937009798,24.673116937009798,-8.881784197001252e-16,22.98396033056751,5.745990082641877,5.745990082641877,0.0,0.0,0.0,0.0,0.0,0.0,0.0,0.0,0.0,-4.470208306194941,0.14374438562303649,0.0
0,winter_heating,冬季采暖日,1.0,11.75,0.25,54.953327465429034,52.647967298889085,4.99494190454006,31.039344958742433,0.0,31.039344958742433,8.088091897582721,17.724075112650226,1.7763568394002505e-15,0.0,29.561603016295845,10.346561055703544,13.30272135733313,12.295389356736237,39.34524594155596,1.6649806348466865,4.99494190454006,0.0,0.0,0.061925861189351394,0.0,49.83265875183435,0.0,0.0,60.33113985103573,0.0,1.7775502935223857,0.0,0.0,0.0,0.0,14.304679979357742,12.232443532298307,13.8388575046795,5.23953515341255,2.40873375636107,0.0,70.0,10.5,46.0,45.0,0.24416347498734614,0.13824260849684764,1.0,42.86359542303465,48.436129914977954,1.4984825713620178,53.175777171906645,25.812167010232947,25.812167010232947,1.7763568394002505e-15,22.98396033056751,5.745990082641877,5.745990082641877,0.0,0.0,0.0,0.0,0.0,0.0,0.0,0.0,0.0,1.5922551012482415,0.20661382847561605,0.0
0,winter_heating,冬季采暖日,1.0,12.0,0.25,55.29813089040429,52.01602143479478,5.108657473552294,30.0,0.0,30.0,8.396724338697734,16.071546967050296,0.0,0.0,29.561603016295845,10.346561055703544,13.30272135733313,9.59835240273013,30.714727688736417,1.7028858245174314,5.108657473552294,0.0,0.0,0.0,0.0,49.83016711889676,0.0,7.998572388725234,58.19608681039305,0.0,1.7845367562002772,0.0,0.0,0.0,0.0,14.27119172624174,12.265084142106826,13.864362634075484,5.276656010528959,2.432102492359528,0.0,70.0,10.5,46.0,45.0,0.2534804771023926,0.12535337168137392,0.25,43.132542094515344,47.854739720011196,1.5325972420656881,53.51359413420401,24.46827130574803,24.46827130574803,0.0,22.412320603259168,5.603080150814792,5.603080150814792,0.0,0.0,0.0,0.0,7.105427357601002e-15,0.0,0.0,-1.0393449587424328,0.0,-8.630518252819542,0.11371556901223467,0.0
0,winter_heating,冬季采暖日,1.0,12.25,0.25,55.22337932937793,51.401423723595144,5.1295451628864015,30.0,0.0,30.0,8.547759572294876,16.301995935318338,0.0,0.0,29.561603016295845,10.346561055703544,13.30272135733313,10.05418636884998,32.173396380319936,1.7098483876288004,5.1295451628864015,0.0,0.0,0.0,0.0,49.827675610540815,0.0,5.925305985942077,56.60769771805573,0.0,1.791097522539959,0.0,0.0,0.0,0.0,14.248431383513205,12.278265231955434,13.886896218979976,5.3104490781930584,2.4523447998951764,0.0,70.0,10.5,46.0,45.0,0.2580399316619563,0.12715080631738737,0.25,43.07423587691479,47.289309825707534,1.5388635488659204,53.43228180683797,24.849755507613214,24.849755507613214,0.0,22.412320603259168,5.603080150814792,5.603080150814792,0.0,0.0,0.0,0.0,0.0,0.0,0.0,0.0,0.0,1.4586686915835188,0.02088768933410723,0.0
0,winter_heating,冬季采暖日,1.0,12.5,0.25,55.38674029828114,51.07774711910755,5.1920259760763265,30.0,0.0,30.0,8.65292574998697,15.667660001020181,-1.7763568394002505e-15,0.0,29.561603016295845,10.346561055703544,13.30272135733313,9.346790158349108,29.909728506717148,1.7306753253587754,5.1920259760763265,0.0,0.0,0.0,0.0,49.825184226760285,0.0,7.865297255057268,54.509578802076376,0.0,1.797058975278338,0.0,0.0,0.0,0.0,14.234624637070144,12.275095597709578,13.906409867083463,5.340548010159072,2.469233234476344,0.0,70.0,10.5,46.0,45.0,0.2612146902727125,0.12220317132581178,0.25,43.20165743265929,46.991527349578945,1.557607792822898,53.5896813230028,24.32058575100715,24.32058575100715,-1.7763568394002505e-15,22.412320603259168,5.603080150814792,5.603080150814792,0.0,0.0,0.0,0.0,7.105427357601002e-15,-7.105427357601002e-15,0.0,0.0,0.0,-2.263667873602788,0.062480813189925044,0.0
0,winter_heating,冬季采暖日,1.0,12.75,0.25,55.329280552521496,50.542890844265706,5.279732377895272,30.0,0.0,30.0,8.557597367310102,16.200128523163862,1.7763568394002505e-15,0.0,29.561603016295845,10.346561055703544,13.30272135733313,9.817403673759003,31.41569175602881,1.7599107926317572,5.279732377895272,0.0,0.0,0.0,0.0,49.822692967548946,0.0,5.824477730903762,52.94956671506909,0.0,1.802308072734752,0.0,0.0,0.0,0.0,14.229001521010623,12.259105594074185,13.922761877232205,5.366620102264988,2.4825754689579003,0.0,70.0,10.5,46.0,45.0,0.25833691520857616,0.1263562702590851,0.25,43.15683883096677,46.499459576724455,1.5839197133685814,53.52697247978674,24.757725890473964,24.757725890473964,1.7763568394002505e-15,22.412320603259168,5.603080150814792,5.603080150814792,0.0,0.0,0.0,0.0,7.105427357601002e-15,-7.105427357601002e-15,0.0,0.0,0.0,1.5059632493116624,0.08770640181894507,0.0
0,winter_heating,冬季采暖日,1.0,13.0,0.25,55.61794973199256,50.25973856191945,5.407727056173411,30.0,0.0,30.0,8.251611012604354,16.186166781357922,1.7763568394002505e-15,0.0,29.561603016295845,10.346561055703544,13.30272135733313,9.170610242828694,29.34595277705182,1.802575685391137,5.407727056173411,0.0,0.0,0.0,0.0,49.820201832900565,0.0,7.611064427534501,50.920180240255114,0.0,1.8067968105465833,0.0,0.0,0.0,0.0,14.231857858781515,12.234099741225378,13.935714778836111,5.388372406005531,2.4922179382602434,0.0,70.0,10.5,46.0,45.0,0.24909979320134537,0.12624737275136494,0.25,43.3820007909542,46.23895947696589,1.6223181168520233,53.811152921445974,24.437777793962276,24.437777793962276,1.7763568394002505e-15,22.412320603259168,5.603080150814792,5.603080150814792,0.0,0.0,0.0,0.0,2.1316282072803006e-14,0.0,0.0,0.0,0.0,-2.0697389789769893,0.1279946782781396,0.0
0,winter_heating,冬季采暖日,1.0,13.25,0.25,55.73096662419652,50.25870901955106,5.694851416776341,30.0,0.0,30.0,7.796655733168002,17.498415472185876,0.0,0.0,29.561603016295845,10.346561055703544,13.30272135733313,9.822926184642546,31.43336379085615,1.8982838055921138,5.694851416776341,0.0,0.0,0.0,0.0,49.81771082280892,0.0,5.522623871361784,49.44139807872399,0.0,1.8105443533737597,0.0,0.0,0.0,0.0,14.244574165845629,12.203989431320643,13.944938030855974,5.405557204017775,2.4980487811074754,0.0,70.0,10.5,46.0,45.0,0.23536559440666815,0.13648252921869183,0.25,43.47015396687329,46.23801229798698,1.7084554250329023,53.92042227082276,25.295071205353878,25.295071205353878,0.0,22.412320603259168,5.603080150814792,5.603080150814792,0.0,0.0,0.0,0.0,0.0,0.0,0.0,0.0,0.0,2.087411013804328,0.2871243606029301,0.0
0,winter_heating,冬季采暖日,1.0,13.5,0.25,55.55082953376587,50.21926358669058,5.8494308938297435,30.0,0.0,30.0,7.288625127302396,16.838660130540493,-8.881784197001252e-16,0.0,29.561603016295845,10.346561055703544,13.30272135733313,9.45097762532432,30.24312840103783,1.949810297943248,5.8494308938297435,0.0,0.0,0.0,0.6641338017973641,49.6404478841632,0.0,6.673413828319619,47.660515845916315,0.0,1.8136373416896459,0.0,0.0,0.0,0.0,14.269602743042855,12.172612648045469,13.95001598480745,5.4179767044791936,2.5,0.0,70.0,10.5,46.0,45.0,0.22002915662890926,0.1313366302750742,0.25,43.32964703633738,46.201722499755334,1.754829268148923,53.73719219207622,24.12728525784289,24.12728525784289,-8.881784197001252e-16,22.412320603259168,5.603080150814792,5.603080150814792,0.0,0.0,0.0,0.0,7.105427357601002e-15,0.0,0.0,0.0,0.0,-1.1902353898183193,0.15457947705340214,0.0
0,winter_heating,冬季采暖日,1.0,13.75,0.25,55.6651668124972,49.930332238260796,6.0504745384387615,30.0,0.0,30.0,6.725739251970914,18.465943785928992,0.0,0.0,29.561603016295845,10.346561055703544,13.30272135733313,9.672480915732132,30.951938930342823,2.0168248461462537,6.0504745384387615,0.0,0.0,0.0,0.0,49.637965861769,0.0,5.675671950584842,46.14308770626051,0.0,1.8162284807721285,0.0,0.0,0.0,0.0,14.31042561129623,12.14354885117443,13.950460951615469,5.425486830066429,2.4980487811074754,0.0,70.0,10.5,46.0,45.0,0.20303674691317594,0.14402896744106997,0.25,43.418830113747816,45.93590565919993,1.8151423615316284,53.848938331725066,25.191683037899907,25.191683037899907,0.0,22.412320603259168,5.603080150814792,5.603080150814792,0.0,0.0,0.0,0.0,0.0,0.0,0.0,0.0,0.0,0.7088105293049942,0.20104364460901802,0.0
0,winter_heating,冬季采暖日,1.0,14.0,0.25,55.76125171387357,49.83988737649451,6.081562050306796,30.0,0.0,30.0,6.2155216705913325,20.20400482811237,8.881784197001252e-16,0.0,29.561603016295845,10.346561055703544,13.30272135733313,10.79618162917921,34.547781213373476,2.0271873501022655,6.081562050306796,0.0,0.0,0.0,0.0,49.635483963475906,0.0,1.989384805787904,45.596493845094784,0.0,1.8185331387477923,0.0,0.0,0.0,0.0,14.37147819721897,12.119938065722211,13.945730945389748,5.428000000000001,2.4922179382602434,0.0,70.0,10.5,46.0,45.0,0.1876342886762079,0.15758533586486934,0.25,43.49377633682139,45.85269638637495,1.8244686150920386,53.94271857512578,26.419526498703704,26.419526498703704,8.881784197001252e-16,22.412320603259168,5.603080150814792,5.603080150814792,0.0,0.0,0.0,0.0,-7.105427357601002e-15,7.105427357601002e-15,0.0,0.0,0.0,3.5958422830306525,0.03108751186803449,0.0
0,winter_heating,冬季采暖日,1.0,14.25,0.25,55.78862371057202,50.09316949574238,6.114599499555779,30.0,0.0,30.0,5.690605558841984,20.316983503140037,-8.881784197001252e-16,0.0,29.561603016295845,10.346561055703544,13.30272135733313,10.34814996010149,33.114079872324766,2.0381998331852595,6.114599499555779,0.0,0.0,0.0,0.0,49.63300218927773,0.0,3.676368266084485,44.606230264992114,0.0,1.8208233861732053,0.0,0.0,0.0,0.0,14.458027643056239,12.104313657227763,13.935251423550422,5.425486830066429,2.4825754689579003,0.0,70.0,10.5,46.0,45.0,0.17178811091951451,0.15846653652787007,0.25,43.515126494246175,46.085715936083,1.8343798498667336,53.967800324398816,26.00758906198202,26.00758906198202,-8.881784197001252e-16,22.412320603259168,5.603080150814792,5.603080150814792,0.0,0.0,0.0,0.0,0.0,0.0,0.0,0.0,0.0,-1.4337013410487103,0.03303744924898311,0.0
0,winter_heating,冬季采暖日,1.0,14.5,0.25,55.70375179727236,50.35162673046524,6.053036727987571,30.0,0.0,30.0,5.078958052155809,19.77778354059339,0.0,0.0,29.561603016295845,10.346561055703544,13.30272135733313,9.305290692633443,29.77693021642702,2.0176789093291903,6.053036727987571,0.0,0.0,0.0,0.0,49.630520539168266,0.0,7.271975156705094,42.670249477042496,0.0,1.823418750782254,0.0,0.0,0.0,0.0,14.575991280780174,12.098458195162872,13.91844011732816,5.4179767044791936,2.469233234476344,0.0,70.0,10.5,46.0,45.0,0.15332368413122888,0.15426093432577553,0.25,43.44892640187245,46.32349659202802,1.8159110183962712,53.88033304649011,24.8567415927492,24.8567415927492,0.0,22.412320603259168,5.603080150814792,5.603080150814792,0.0,0.0,0.0,0.0,7.105427357601002e-15,0.0,0.0,0.0,0.0,-3.337149655897747,-0.061562771568207886,0.0
0,winter_heating,冬季采暖日,1.0,14.75,0.25,55.54608773776588,50.3687103123982,5.967000098416508,30.0,0.0,30.0,4.55429286523168,19.79339282974186,0.0,0.0,29.561603016295845,10.346561055703544,13.30272135733313,8.985831949944151,28.754662239821286,1.9890000328055029,5.967000098416508,0.0,0.0,0.0,0.0,49.62803901314131,0.0,8.311326715243785,40.46172311145035,0.0,1.8266729698384432,0.0,0.0,0.0,0.0,14.73168082750357,12.103291156854324,13.89473386343122,5.405557204017775,2.4523447998951764,0.0,70.0,10.5,46.0,45.0,0.1374850812980233,0.15438268222150217,0.25,43.32594843545739,46.33921348740635,1.7901000295249525,53.71941476792744,24.347685694973542,24.347685694973542,0.0,22.412320603259168,5.603080150814792,5.603080150814792,0.0,0.0,0.0,0.0,-7.105427357601002e-15,0.0,0.0,0.0,0.0,-1.0222679766057325,-0.08603662957106284,0.0
0,winter_heating,冬季采暖日,1.0,15.0,0.25,55.37054325927887,50.63384770273599,5.893140708682939,30.0,0.0,30.0,4.140035167950018,18.697132706919213,1.7763568394002505e-15,0.0,29.561603016295845,10.346561055703544,13.30272135733313,8.015300906578112,25.64896290104996,1.9643802362276463,5.893140708682939,0.0,0.0,0.0,0.33553925706493715,49.537257806699884,0.0,11.682163444352902,37.36723871190702,0.0,1.8309562144468976,0.0,0.0,0.0,0.0,14.931461542030378,12.118795991430483,13.863616218387232,5.388372406005531,2.432102492359528,0.0,70.0,10.5,46.0,45.0,0.12497946190233172,0.14583217349216873,0.25,43.18902374223752,46.58313988651711,1.7679422126048816,53.53958704483197,22.83716787486923,22.83716787486923,1.7763568394002505e-15,22.412320603259168,5.603080150814792,5.603080150814792,0.0,0.0,0.0,0.0,-1.4210854715202004e-14,0.0,0.0,0.0,0.0,-3.105699338771327,-0.07385938973356954,0.0
0,winter_heating,冬季采暖日,1.0,15.25,0.25,55.94215009825517,51.17975823861851,5.753805534251053,30.0,0.0,30.0,3.5167388824984833,19.136926017057817,8.881784197001252e-16,0.0,29.561603016295845,10.346561055703544,13.30272135733313,8.015300906578112,25.64896290104996,1.9179351780836844,5.753805534251053,0.0,0.0,0.0,1.0385275945020993,49.26148420841426,0.0,12.228073980235422,34.13064088722596,0.0,1.8366326331550225,0.0,0.0,0.0,0.0,15.181322894764628,12.143992275260304,13.824644570482901,5.366620102264988,2.40873375636107,0.0,70.0,10.5,46.0,45.0,0.10616338155487236,0.14926243284317037,0.25,43.634877076639036,47.08537757952904,1.726141660275316,54.10551746510015,22.6536648995563,22.6536648995563,8.881784197001252e-16,22.412320603259168,5.603080150814792,5.603080150814792,0.0,0.0,0.0,0.0,7.105427357601002e-15,0.0,0.0,0.0,0.0,0.0,-0.1393351744318858,0.0
0,winter_heating,冬季采暖日,1.0,15.5,0.25,55.94457546897597,51.46744605728078,5.670542415525096,30.0,0.0,30.0,2.929502616390131,19.413361092298388,-8.881784197001252e-16,0.0,29.561603016295845,10.346561055703544,13.30272135733313,8.105203349910072,25.93665071971223,1.8901808051750322,5.670542415525096,0.0,0.0,0.0,1.4065012652329916,48.88888922230042,0.0,12.228073980235422,30.895661361457236,0.0,1.8440335944360164,0.0,0.0,0.0,0.0,15.486367815034015,12.176956419726508,13.777475465397073,5.340548010159072,2.3824969025845952,0.0,70.0,10.5,46.0,45.0,0.08843588177034817,0.151418545680562,0.25,43.63676886580126,47.35005037269832,1.701162724657529,54.10054187453996,22.34286370868852,22.34286370868852,-8.881784197001252e-16,22.412320603259168,5.603080150814792,5.603080150814792,0.0,0.0,0.0,0.0,0.0,0.0,0.0,0.0,0.0,0.28768781866227044,-0.08326311872595671,0.0
0,winter_heating,冬季采暖日,1.0,15.75,0.25,56.58693254895618,52.03545474800221,5.848521128494523,30.0,0.0,30.0,2.4436203547731203,20.28056429698449,8.881784197001252e-16,0.0,29.561603016295845,10.346561055703544,13.30272135733313,8.282706065760518,26.504659410433657,1.9495070428315078,5.848521128494523,0.0,0.0,0.0,1.8949722948759664,48.3877678581351,0.0,12.228073980235422,27.6622993254514,0.0,1.8534276552110769,0.0,0.0,0.0,0.0,15.850240415715666,12.214891755412486,13.721886931484319,5.3104490781930584,2.3536763613451477,0.0,70.0,10.5,46.0,45.0,0.07376805863809914,0.15818247735827573,0.25,44.13780738818581,47.87261836816203,1.754556338548357,54.7335048937451,22.72418465175761,22.72418465175761,8.881784197001252e-16,22.412320603259168,5.603080150814792,5.603080150814792,0.0,0.0,0.0,0.0,0.0,0.0,0.0,0.0,0.0,0.5680086907214275,0.17797871296942702,0.0
0,winter_heating,冬季采暖日,1.0,16.0,0.25,56.78326315254277,52.711320082692396,6.006392042405845,30.0,0.0,30.0,1.879573745158229,20.992727179518493,4.440892098500626e-16,0.0,29.561603016295845,10.346561055703544,13.30272135733313,8.4939139828512,27.180524745123844,2.0021306808019483,6.006392042405845,0.0,0.0,0.0,2.195456857596742,47.80759666511147,0.0,12.228073980235422,24.430553970463567,0.0,1.864988978218909,0.0,0.0,0.0,0.0,16.274525914473486,12.254245969346934,13.657796725889458,5.276656010528959,2.3225775623986644,0.0,132.0,19.8,46.0,45.0,0.05674060865331805,0.1637371398120512,0.25,44.29094525898336,48.494414476077004,1.8019176127217533,54.91827417432386,22.872300924676722,22.872300924676722,4.440892098500626e-16,22.412320603259168,5.603080150814792,5.603080150814792,0.0,0.0,0.0,0.0,0.0,0.0,0.0,0.0,0.0,0.6758653346901866,0.1578709139113217,0.0
0,winter_heating,冬季采暖日,1.0,16.25,0.25,57.206372234303785,53.37927401724815,5.986800942965759,30.0,0.0,30.0,1.3169693045265305,21.51445363500854,-6.661338147750939e-16,0.0,29.561603016295845,10.346561055703544,13.30272135733313,8.702649587399874,27.848478679679598,1.9956003143219199,5.986800942965759,0.0,0.0,0.0,2.847871564050008,47.0557664000019,0.0,12.228073980235422,21.200424488153224,0.0,1.878766576736953,0.0,0.0,0.0,0.0,16.758169515770103,12.29087099911968,13.585275615833067,5.23953515341255,2.289521569660788,0.0,132.0,19.8,46.0,45.0,0.039756694893757195,0.16780645376329265,0.25,44.62097034275695,49.1089320958683,1.7960402828897277,55.327605657566835,22.83142293953507,22.83142293953507,-6.661338147750939e-16,22.412320603259168,5.603080150814792,5.603080150814792,0.0,0.0,0.0,0.0,0.0,0.0,0.0,0.0,0.0,0.6679539345557544,-0.019591099440085635,0.0
0,winter_heating,冬季采暖日,1.0,16.5,0.25,57.8193363539415,53.788847924760184,5.8912026935088795,30.0,0.0,30.0,0.9127568681488256,20.491135771570985,1.1102230246251565e-16,0.0,29.561603016295845,10.346561055703544,13.30272135733313,8.830641433497384,28.25805258719163,1.9637342311696264,5.8912026935088795,0.0,0.0,0.0,4.968601044172531,45.74588702111018,0.0,12.228073980235422,17.97191007058404,0.0,1.8946572790126197,0.0,0.0,0.0,0.0,17.29697125220521,12.320217791426698,13.504555049450122,5.1994799003694805,2.2548396019890076,0.0,132.0,19.8,46.0,45.0,0.027554322028956003,0.1598248733499903,0.25,45.09908235607437,49.48574009077938,1.7673608080526637,55.92467907492888,21.40389263971981,21.40389263971981,1.1102230246251565e-16,22.412320603259168,5.603080150814792,5.603080150814792,0.0,0.0,0.0,0.0,0.0,0.0,0.0,0.0,0.0,0.4095739075120335,-0.09559824945687989,0.0
0,winter_heating,冬季采暖日,1.0,16.75,0.25,58.710217996423836,54.63161635760644,5.905680096846772,30.0,0.0,30.0,0.5252857539792437,19.397738503577,4.440892098500626e-16,0.0,29.561603016295845,10.346561055703544,13.30272135733313,9.09400656876184,29.100821020037888,1.9685600322822572,5.905680096846772,0.0,0.0,0.0,7.590813711233258,43.74601717117143,0.0,12.228073980235422,14.745009910223636,0.0,1.9123855729748855,0.0,0.0,0.0,0.0,17.88321913240925,12.337556015467749,13.416028843533379,5.156903781723095,2.2188675697091758,0.0,132.0,19.8,46.0,45.0,0.015857336523494744,0.15129669405205154,0.25,45.7939700372106,50.26108704899793,1.7717040290540316,56.79783242344895,19.923024257556243,19.923024257556243,4.440892098500626e-16,22.412320603259168,5.603080150814792,5.603080150814792,0.0,0.0,0.0,0.0,0.0,0.0,0.0,0.0,0.0,0.8427684328462561,0.01447740333789227,0.0
0,winter_heating,冬季采暖日,1.0,17.0,0.25,59.08769805524692,55.45724989420658,5.7315420358976406,30.0,0.0,30.0,0.25234267544581,18.9777539527957,1.27675647831893e-15,0.0,29.561603016295845,10.346561055703544,13.30272135733313,9.352017048949385,29.92645455663803,1.91051401196588,5.7315420358976406,0.0,0.0,0.0,8.842078007713926,41.41696723670395,0.0,12.228073980235422,11.519723199943416,0.0,1.9314934245032052,0.0,0.0,0.0,0.0,18.50552160811043,12.338207069034446,13.320248805518894,5.112233407361841,2.181940751190348,0.0,139.92000000000002,20.988000000000003,46.0,45.0,0.007617725577879191,0.1480209372376977,0.25,46.088404483092596,51.02066990267006,1.719462610769292,57.156204630743716,19.230096628241512,19.230096628241512,1.27675647831893e-15,22.412320603259168,5.603080150814792,5.603080150814792,0.0,0.0,0.0,0.0,0.0,0.0,0.0,0.0,0.0,0.8256335366001437,-0.1741380609491312,0.0
0,winter_heating,冬季采暖日,1.0,17.25,0.25,59.84991005502548,56.24885375253386,5.6176105590658265,30.0,0.0,30.0,0.0,17.966690729975856,0.0,0.0,29.561603016295845,10.346561055703544,13.30272135733313,9.59939325467666,30.71805841496531,1.8725368530219422,5.6176105590658265,0.0,0.0,0.0,11.057245675711371,38.50509489473386,0.0,12.228073980235422,8.296049133018334,0.0,1.9513427013333144,0.0,0.0,0.0,0.0,19.14889118581058,12.317777677878714,13.217914497264278,5.065901429785418,2.144388724825195,0.0,139.92000000000002,20.988000000000003,46.0,45.0,0.0,0.14013493944150887,0.25,46.68292984291988,51.74894545233116,1.685283167719748,57.898567353692165,17.966690729975856,17.966690729975856,0.0,22.412320603259168,5.603080150814792,5.603080150814792,0.0,0.0,0.0,0.0,7.105427357601002e-15,0.0,0.0,0.0,0.0,0.791603858327278,-0.11393147683181404,0.0
0,winter_heating,冬季采暖日,1.0,17.5,0.25,60.15551940416108,56.92915141260086,5.398360964972501,30.0,0.0,30.0,0.0,16.744421696989495,0.0,0.0,29.561603016295845,10.346561055703544,13.30272135733313,13.317334494294109,42.61547038174115,1.7994536549908338,5.398360964972501,0.0,0.0,0.0,16.21019283211371,34.237329421011836,0.0,1.0109596735265853,8.025859089102724,0.0,1.9711319686392847,0.0,0.0,0.0,0.0,19.79511374774061,12.272381167739177,13.109857622080646,5.018339687533169,2.106530659712633,0.0,139.92000000000002,20.988000000000003,46.0,45.0,0.0,0.13060159802137716,0.25,46.921305135245646,52.374819299592794,1.6195082894917503,58.1843874355218,16.744421696989495,16.744421696989495,0.0,22.412320603259168,5.603080150814792,5.603080150814792,0.0,0.0,0.0,0.0,0.0,0.0,0.0,0.0,0.0,11.897411966775838,-0.21924959409332523,0.0
0,winter_heating,冬季采暖日,1.0,17.75,0.25,60.815137420895766,57.63781602039744,5.112916429902514,30.0,0.0,30.0,0.0,16.81065182623827,0.0,0.0,29.561603016295845,10.346561055703544,13.30272135733313,13.854717082207596,44.33509466306431,1.7043054766341712,5.112916429902514,0.0,0.0,0.0,17.227018898965397,29.702191528497263,0.0,0.0,8.021846159558173,0.0,1.989928198830323,0.0,0.0,0.0,0.0,20.423413757039597,12.198834122274446,12.997021758913895,4.969972677574852,2.068671053718672,0.0,139.92000000000002,20.988000000000003,46.0,45.0,0.0,0.13111817368302617,0.25,47.435807188298696,53.02679073876564,1.533874928970754,58.825209222065446,16.81065182623827,16.81065182623827,0.0,22.412320603259168,5.603080150814792,5.603080150814792,0.0,0.0,0.0,0.0,0.0,0.0,0.0,0.0,0.0,1.7196242813231635,-0.28544453506998746,0.0
0,winter_heating,冬季采暖日,1.0,18.0,0.25,61.37740029306563,58.340011011061314,5.069999038520286,30.0,0.0,30.0,0.0,16.122644175787627,0.0,0.0,29.561603016295845,10.346561055703544,13.30272135733313,14.074153016790056,45.03728965372818,1.689999679506762,5.069999038520286,0.0,0.0,0.0,17.416995458421923,25.117286561441386,0.0,0.0,8.017835236478394,0.0,2.0067124653533677,0.0,1.2486398340959823,0.0,0.0,21.011396164036416,12.09481760033896,12.880438365696858,4.921211489709872,2.031095991035345,0.0,139.92000000000002,20.988000000000003,46.0,45.0,0.0,0.12575191498351299,0.25,47.87437222859119,53.67281013017641,1.5209997115560856,59.37068782771226,16.122644175787627,16.122644175787627,0.0,22.412320603259168,5.603080150814792,5.603080150814792,0.0,0.0,0.0,0.0,0.0,-7.105427357601002e-15,0.0,0.0,0.0,0.7021949906638696,-0.042917391382228054,0.0
0,winter_heating,冬季采暖日,1.0,18.25,0.25,61.68401151965913,59.142109411986866,5.063293250060887,30.0,0.0,30.0,0.0,15.305773935297394,0.0,0.0,29.561603016295845,10.346561055703544,13.30272135733313,14.324808767079293,45.83938805465374,1.6877644166869625,5.063293250060887,0.0,0.0,0.0,7.902133620482784,23.036521849617845,0.0,0.0,8.013826318860158,0.0,2.020437129471385,0.0,12.121678962470275,0.0,0.0,21.536214723458645,11.958994276140206,12.761200118004814,4.872448317189649,1.9940699735316383,0.0,139.92000000000002,20.988000000000003,46.0,45.0,0.0,0.11938056572375849,0.25,48.11352898533413,54.41074065902792,1.5189879750182662,59.66357439018775,15.305773935297394,15.305773935297394,0.0,22.412320603259168,5.603080150814792,5.603080150814792,0.0,0.0,0.0,0.0,0.0,0.0,0.0,0.0,0.0,0.8020984009255585,-0.0067057884593983985,0.0
0,winter_heating,冬季采暖日,1.0,18.5,0.25,61.54165234914237,59.714601164656564,4.81102057641134,30.0,0.0,30.0,0.0,14.978691079453904,0.0,0.0,29.561603016295845,10.346561055703544,13.30272135733313,14.503712439788572,46.41187980732343,1.6036735254704466,4.81102057641134,0.0,0.0,0.0,6.75453208665299,21.257861579669314,0.0,0.0,8.009819405700728,0.0,2.0300905757796346,0.0,13.539163516811314,0.0,0.0,21.975887485726417,11.791075628625205,12.64043273320543,4.824051636453525,1.9578333617716144,0.0,139.92000000000002,20.988000000000003,46.0,45.0,0.0,0.11682941499239369,0.25,48.00248883233105,54.937433071484044,1.443306172923402,59.511561773362736,14.978691079453904,14.978691079453904,0.0,22.412320603259168,5.603080150814792,5.603080150814792,0.0,0.0,0.0,0.0,0.0,-7.105427357601002e-15,0.0,0.0,0.0,0.5724917526696913,-0.2522726736495473,0.0
0,winter_heating,冬季采暖日,1.0,18.75,0.25,61.51561280002595,60.54451340000758,4.646814192469617,30.0,0.0,30.0,0.0,15.809462433395762,0.0,0.0,29.561603016295845,10.346561055703544,13.30272135733313,14.763060013335764,47.24179204267445,1.5489380641565391,4.646814192469617,0.0,0.0,0.0,6.103388162616572,19.65064390695439,0.0,0.0,8.005814495997878,0.0,2.0347644097966566,0.0,13.533434816005709,0.0,0.0,22.31065749814865,11.591836436894749,12.519266452188361,4.776362125908751,1.922600443223189,0.0,139.92000000000002,20.988000000000003,46.0,45.0,0.0,0.12330918887641484,0.25,47.98217798402024,55.70095232800698,1.3940442577408851,59.48084839022929,15.809462433395762,15.809462433395762,0.0,22.412320603259168,5.603080150814792,5.603080150814792,0.0,0.0,0.0,0.0,0.0,-7.105427357601002e-15,0.0,0.0,0.0,0.8299122353510171,-0.16420638394172293,0.0
0,winter_heating,冬季采暖日,1.0,19.0,0.25,60.99002490592844,60.79328309422273,4.642416618911538,30.0,0.0,30.0,0.0,16.197723231261826,0.0,0.0,29.561603016295845,10.346561055703544,13.30272135733313,14.840800542778,47.4905617368896,1.547472206303846,4.642416618911538,0.0,0.0,0.0,5.3824905103657095,18.233216503610173,0.0,0.0,8.00181158874988,0.0,2.0337173783749614,0.0,13.417805479304256,0.0,0.0,22.5242838205463,11.363077101503396,12.398808312270113,4.729689369961839,1.8885581275123642,0.0,139.92000000000002,20.988000000000003,46.0,45.0,0.0,0.12633750968485935,0.25,47.57221942662419,55.929820446684914,1.3927249856734614,58.956307527553484,16.197723231261826,16.197723231261826,0.0,22.412320603259168,5.603080150814792,5.603080150814792,0.0,0.0,0.0,0.0,0.0,0.0,0.0,0.0,0.0,0.24876969421515582,-0.0043975735580792374,0.0
0,winter_heating,冬季采暖日,1.0,19.25,0.25,60.57692124649682,61.21262517767388,4.515794763520318,30.0,0.0,30.0,0.0,16.95787708001005,0.0,0.0,29.561603016295845,10.346561055703544,13.30272135733313,14.971844943856482,47.909903820340745,1.5052649211734392,4.515794763520318,0.0,0.0,0.0,4.396240066455945,17.07539956213869,0.0,0.0,7.997810682955507,0.0,2.026430235127911,0.0,13.326922674229294,0.0,0.0,22.605147304754997,11.107537463158371,12.280116251359724,4.684309370871468,1.8558652521421384,0.0,139.92000000000002,20.988000000000003,46.0,45.0,0.0,0.13226648765645854,0.25,47.24999857226753,56.31561516345997,1.3547384290560953,58.55049101136891,16.95787708001005,16.95787708001005,0.0,22.412320603259168,5.603080150814792,5.603080150814792,0.0,0.0,0.0,0.0,0.0,-7.105427357601002e-15,0.0,0.0,0.0,0.41934208345114143,-0.12662185539122017,0.0
0,winter_heating,冬季采暖日,1.0,19.5,0.25,59.83179313245846,61.59207490033685,4.407043001846346,30.0,0.0,30.0,0.0,17.763406350846907,0.0,0.0,29.561603016295845,10.346561055703544,13.30272135733313,15.09042298218866,48.28935354300371,1.469014333948782,4.407043001846346,0.0,0.0,0.0,3.1056221589933877,16.257276802951797,0.0,0.0,7.99381177761403,0.0,2.012646393911206,0.0,13.162994489140857,0.0,0.0,22.547068111967842,10.828768599473547,12.164175943336142,4.640462868235925,1.8246524673583497,0.0,139.92000000000002,20.988000000000003,46.0,45.0,0.0,0.13854938066572878,0.25,46.6687986433176,56.664708908309905,1.3221129005539038,57.81914673854725,17.763406350846907,17.763406350846907,0.0,22.412320603259168,5.603080150814792,5.603080150814792,0.0,0.0,0.0,0.0,0.0,-7.105427357601002e-15,0.0,0.0,0.0,0.3794497226629687,-0.10875176167397171,0.0
0,winter_heating,冬季采暖日,1.0,19.75,0.25,58.89761290940745,61.77354060513614,4.3465479558439934,30.0,0.0,30.0,0.0,18.40127979502295,0.0,0.0,29.561603016295845,10.346561055703544,13.30272135733313,15.14713101493844,48.47081924780301,1.4488493186146645,4.3465479558439934,0.0,0.0,0.0,1.7958831043571681,15.78386312217555,0.0,0.0,7.9898148717252235,0.0,1.992394447807255,0.0,12.957474840069636,0.0,0.0,22.34975672649533,10.530971349319326,12.051881088524576,4.5983544447590745,1.795022656174443,0.0,139.92000000000002,20.988000000000003,46.0,45.0,0.0,0.14352460720100943,0.25,45.94013806933781,56.83165735672525,1.303964386753198,56.90521846160019,18.40127979502295,18.40127979502295,0.0,22.412320603259168,5.603080150814792,5.603080150814792,0.0,0.0,0.0,0.0,7.105427357601002e-15,-7.105427357601002e-15,0.0,0.0,0.0,0.1814657047992938,-0.06049504600235256,0.0
0,winter_heating,冬季采暖日,1.0,20.0,0.25,58.037240016162954,61.97334694635843,4.209540835782559,30.0,0.0,30.0,0.0,19.876088728408625,0.0,0.0,29.561603016295845,10.346561055703544,13.30272135733313,15.166497757151003,48.53279282288321,1.4031802785941865,4.209540835782559,0.0,0.0,0.0,0.0,15.78307392901944,0.0,0.13783276614209683,7.949548183725652,0.0,1.965990344500524,0.0,12.418277923295445,0.0,0.0,22.01885457609751,10.218811895421911,11.944017683308669,4.558152377957555,1.7670518352263433,0.0,139.92000000000002,20.988000000000003,46.0,45.0,0.0,0.1550276860747935,0.25,45.26904721260711,57.015479190649756,1.2628622507347678,56.07124967166243,19.876088728408625,19.876088728408625,0.0,22.412320603259168,5.603080150814792,5.603080150814792,0.0,0.0,0.0,0.0,-7.105427357601002e-15,0.0,0.0,0.0,0.0,0.06197357508020218,-0.13700712006143423,0.0
0,winter_heating,冬季采暖日,1.0,20.25,0.25,57.09277805243343,61.83551418021634,4.064345533390724,30.0,0.0,30.0,0.0,19.483849773720063,0.0,0.0,29.561603016295845,10.346561055703544,13.30272135733313,15.166497757151003,48.53279282288321,1.3547818444635746,4.064345533390724,0.0,0.0,0.0,0.0,15.782284775322989,0.0,0.0,7.9455734096337896,0.0,1.9340189956771425,0.0,11.849627828947252,0.0,0.0,21.565560171396314,9.897225543487918,11.841252581972414,4.519989181152683,1.7407904742722486,0.0,139.92000000000002,20.988000000000003,46.0,45.0,0.0,0.15196833680519342,0.25,44.532366880898074,56.888673045799045,1.2193036600172171,55.15875905675629,19.483849773720063,19.483849773720063,0.0,22.412320603259168,5.603080150814792,5.603080150814792,0.0,0.0,0.0,0.0,-7.105427357601002e-15,-7.105427357601002e-15,0.0,0.0,0.0,0.0,-0.1451953023918353,0.0
0,winter_heating,冬季采暖日,1.0,20.5,0.25,55.84928796644433,61.737799656737856,4.053938857784965,30.0,0.0,30.0,0.0,21.561777144223516,0.0,0.0,29.561603016295845,10.346561055703544,13.30272135733313,15.135961968563976,48.43507829940472,1.3513129525949885,4.053938857784965,0.0,0.0,0.0,0.0,15.781495661084223,0.0,0.0,7.9416006229289735,0.0,1.8972971111967096,0.0,8.530927576479527,0.0,0.0,21.005876990294922,9.571219851515666,11.744126454203553,4.4839627637715305,1.7162651668298874,0.0,139.92000000000002,20.988000000000003,46.0,45.0,0.0,0.1681755633114932,0.25,43.56244461382658,56.79877568419883,1.2161816573354896,53.95199085524762,21.561777144223516,21.561777144223516,0.0,22.412320603259168,5.603080150814792,5.603080150814792,0.0,0.0,0.0,0.0,0.0,-7.105427357601002e-15,0.0,0.0,0.0,-0.09771452347848708,-0.010406675605758586,0.0
0,winter_heating,冬季采暖日,1.0,20.75,0.25,54.60462119512512,61.47698710772626,3.738244099384193,30.0,0.0,30.0,0.0,21.573895973984868,0.0,0.0,29.561603016295845,10.346561055703544,13.30272135733313,15.054458046997853,48.17426575039313,1.2460813664613977,3.738244099384193,0.0,0.0,0.0,0.0,15.78070658630117,0.0,0.0,7.9376298226175095,0.0,1.8568208374145079,0.0,7.1278827414814465,0.0,0.0,20.359555140434413,9.245687532791216,11.653051044584522,4.450138130862656,1.6934805816070466,0.0,139.92000000000002,20.988000000000003,46.0,45.0,0.0,0.16827008664359885,0.25,42.591604532197586,56.55882813910816,1.1214732298152579,52.74780035771061,21.573895973984868,21.573895973984868,0.0,22.412320603259168,5.603080150814792,5.603080150814792,0.0,0.0,0.0,0.0,7.105427357601002e-15,0.0,0.0,0.0,0.0,-0.26081254901158957,-0.3156947584007721,0.0
0,winter_heating,冬季采暖日,1.0,21.0,0.25,52.791320176359754,61.069590770778625,3.532611117328945,30.0,0.0,30.0,0.0,23.12445821646736,0.0,0.0,29.561603016295845,10.346561055703544,13.30272135733313,14.927146691701715,47.76686941344549,1.1775370391096482,3.532611117328945,0.0,0.0,0.0,0.0,15.779917550971854,0.0,0.0,7.933661007706201,0.0,1.813703126393691,0.0,3.611281508606524,0.0,0.0,19.648825798151762,8.925238184683195,11.568310465385279,4.418549534876894,1.6724216238937528,0.0,139.92000000000002,20.988000000000003,46.0,45.0,0.0,0.1803640192000294,0.25,41.17722973756061,56.18402350911633,1.0597833351986834,50.977617049966064,23.12445821646736,23.12445821646736,0.0,22.412320603259168,5.603080150814792,5.603080150814792,0.0,0.0,0.0,0.0,0.0,-7.105427357601002e-15,0.0,0.0,0.0,-0.40739633694764166,-0.20563298205524827,0.0
0,winter_heating,冬季采暖日,1.0,21.25,0.25,51.65206949375344,60.76348225845358,3.2510502968489816,30.0,0.0,30.0,0.0,22.613796597372,0.0,0.0,29.561603016295845,10.346561055703544,13.30272135733313,14.83148778160014,47.46076090112045,1.0836834322829938,3.2510502968489816,0.0,0.0,0.0,0.0,15.779128555094305,0.0,0.0,7.929694177202348,0.0,1.769106518041408,0.0,2.837776536519616,0.0,0.0,18.897042531113566,8.614056031797292,11.490066108396734,4.389202989109877,1.6530557377363582,0.0,139.92000000000002,20.988000000000003,46.0,45.0,0.0,0.1763810077405158,0.25,40.28861420512768,55.90240367777729,0.9753150890546944,49.882962975712026,22.613796597372,22.613796597372,0.0,22.412320603259168,5.603080150814792,5.603080150814792,0.0,0.0,0.0,0.0,0.0,0.0,0.0,0.0,0.0,-0.30610851232503933,-0.28156082047996334,0.0
0,winter_heating,冬季采暖日,1.0,21.5,0.25,50.39697865413277,60.378758745898324,2.915762015240676,30.0,0.0,30.0,0.0,24.717072910883584,0.0,0.0,29.561603016295845,10.346561055703544,13.30272135733313,15.418911756647788,49.34051762127292,0.9719206717468919,2.915762015240676,0.0,0.0,0.0,0.0,15.77833959866655,2.264480232707726,0.0,8.463543385381833,0.0,1.7241771159403112,0.0,0.0,0.0,0.0,18.12734557537405,8.315788693720116,11.418364650286996,4.3620790515751535,1.6353352832366128,0.0,139.92000000000002,20.988000000000003,46.0,45.0,0.0,0.192785948597596,0.25,39.30964335022356,55.548458046226465,0.8747286045722027,48.67280153819245,24.717072910883584,24.717072910883584,0.0,22.412320603259168,5.603080150814792,5.603080150814792,0.0,0.0,0.0,0.0,0.0,0.0,0.0,0.0,0.0,1.8797567201524714,-0.3352882816083058,0.0
0,winter_heating,冬季采暖日,1.0,21.75,0.25,48.611077221683196,59.970130429599436,2.7817344947908325,30.0,0.0,30.0,0.0,25.06137803481192,0.0,0.0,29.561603016295845,10.346561055703544,13.30272135733313,17.54960204442309,56.158726542153886,0.9272448315969442,2.7817344947908325,0.0,0.0,0.0,0.0,15.777550681686616,9.491317469887576,0.0,10.713499512787442,0.0,1.6799850071877507,0.0,0.0,0.0,0.0,17.36145450501485,8.033469682296884,11.35314855138413,4.33713579020443,1.6191999284026473,0.0,139.92000000000002,20.988000000000003,46.0,45.0,0.0,0.19547142798922373,0.25,37.91664023291289,55.172519995231475,0.8345203484372498,46.93109221449544,25.06137803481192,25.06137803481192,0.0,22.412320603259168,5.603080150814792,5.603080150814792,0.0,0.0,0.0,0.0,-7.105427357601002e-15,0.0,0.0,0.0,0.0,6.818208920880963,-0.13402752044984334,0.0
0,winter_heating,冬季采暖日,1.0,22.0,0.25,47.37939438835415,59.36769788131249,2.712663952732198,30.0,0.0,30.0,0.0,26.233525863879592,0.0,0.0,29.561603016295845,10.346561055703544,13.30272135733313,18.21657828256712,58.29305050421479,0.9042213175773993,2.712663952732198,0.0,0.0,1.7173682576754175,0.0,16.184636765350444,12.22807398023543,0.0,13.612310333336964,0.0,1.6374753265909492,0.0,0.0,0.0,0.0,16.61867369963756,7.7694750819491425,11.29426840984115,4.314311844808757,1.6045790012890015,0.0,62.0,9.299999999999999,46.0,45.0,0.0,0.20461383865970087,0.25,36.955927622916235,54.61828205080749,0.8137991858196594,45.7419190617632,26.233525863879592,26.233525863879592,0.0,22.412320603259168,5.603080150814792,5.603080150814792,0.0,0.0,0.0,0.0,0.0,0.0,0.0,0.0,0.0,2.134323962060904,-0.06907054205863439,0.0
0,winter_heating,冬季采暖日,1.0,22.25,0.25,46.17210865850552,58.70596332316496,2.5064075676980506,30.0,0.0,30.0,0.0,26.96691711992618,0.0,0.0,29.561603016295845,10.346561055703544,13.30272135733313,18.009786233146016,57.63131594606726,0.8354691892326835,2.5064075676980506,0.0,0.0,3.8935468608333075,0.0,17.108544912960085,12.22807398023543,0.0,16.50967174847621,0.0,1.5974327660877998,0.0,0.0,0.0,0.0,15.915166983795963,7.525512827490736,11.241496529638164,4.29352950778261,1.5913937553560473,0.0,62.0,9.299999999999999,46.0,45.0,0.0,0.21033407622585165,0.25,36.014244753634316,54.00948625731177,0.7519222703094152,44.57467589241772,26.96691711992618,26.96691711992618,0.0,22.412320603259168,5.603080150814792,5.603080150814792,0.0,0.0,0.0,0.0,-7.105427357601002e-15,0.0,0.0,0.0,0.0,-0.6617345581475291,-0.20625638503414745,0.0
0,winter_heating,冬季采暖日,1.0,22.5,0.25,45.30074462405272,58.34650619006103,2.5524588854081447,30.0,0.0,30.0,0.0,27.89592297266218,0.0,0.0,29.561603016295845,10.346561055703544,13.30272135733313,17.89745587905104,57.27185881296333,0.8508196284693815,2.5524588854081447,0.0,0.0,5.7539246785003435,0.0,18.47424659685827,12.22807398023543,0.0,19.40558448290789,0.0,1.560460781707755,0.0,0.0,0.0,0.0,15.263526793984916,7.302641291889582,11.194541087892606,4.274697753660234,1.5795595087182277,0.0,62.0,9.299999999999999,46.0,45.0,0.0,0.21758005050517526,0.25,35.334580806761124,53.67878569485615,0.7657376656224434,43.740283842344965,27.89592297266218,27.89592297266218,0.0,22.412320603259168,5.603080150814792,5.603080150814792,0.0,0.0,0.0,0.0,0.0,0.0,0.0,0.0,0.0,-0.35945713310393046,0.046051317710094075,0.0
0,winter_heating,冬季采暖日,1.0,22.75,0.25,44.69970838304852,57.70078787433531,2.358137446142924,30.0,0.0,30.0,0.0,27.162739211624764,0.0,0.0,29.561603016295845,10.346561055703544,13.30272135733313,17.695668905386754,56.626140497237614,0.7860458153809747,2.358137446142924,0.0,0.0,5.854852415253035,0.0,19.86385033315102,12.22807398023543,0.0,22.300049260972354,0.0,1.5269752517409674,0.0,0.0,0.0,0.0,14.67263320496067,7.1013126149945025,11.153060339265485,4.257715156898589,1.5689876259172395,0.0,62.0,9.299999999999999,46.0,45.0,0.0,0.21186143133948462,0.25,34.86577253877785,53.08472484438849,0.7074412338428772,43.17273313130755,27.162739211624764,27.162739211624764,0.0,22.412320603259168,5.603080150814792,5.603080150814792,0.0,0.0,0.0,0.0,0.0,0.0,0.0,0.0,0.0,-0.6457183157257163,-0.1943214392652206,0.0
0,winter_heating,冬季采暖日,1.0,23.0,0.25,43.49427491290782,57.24803407009079,2.5182418919848955,30.0,0.0,30.0,0.0,27.320735257222243,0.0,0.0,29.561603016295845,10.346561055703544,13.30272135733313,17.55418334156034,56.17338669299309,0.8394139639949652,2.5182418919848955,0.0,0.0,7.276635154701637,0.0,21.591057989876003,12.22807398023543,0.0,25.193066806647785,0.0,1.497211060238987,0.0,0.0,0.0,0.0,14.147772503886802,6.921435383342914,11.116676366861743,4.242472647229077,1.5595873187619862,0.0,62.0,9.299999999999999,46.0,45.0,0.0,0.2130937543429001,0.25,33.925534432068105,52.66819134448353,0.7554725675954687,41.99706385266883,27.320735257222243,27.320735257222243,0.0,22.412320603259168,5.603080150814792,5.603080150814792,0.0,0.0,0.0,0.0,1.4210854715202004e-14,0.0,0.0,0.0,0.0,-0.45275380424452294,0.16010444584197137,0.0
0,winter_heating,冬季采暖日,1.0,23.25,0.25,42.73314062453086,56.77291709039224,2.5552793528939794,30.0,0.0,30.0,0.0,27.455818790492913,0.0,0.0,29.561603016295845,10.346561055703544,13.30272135733313,17.405709285404544,55.69826971329454,0.8517597842979931,2.5552793528939794,0.0,0.0,8.283009290492156,0.0,23.557193143468396,12.22807398023543,0.0,28.08463784355038,0.0,1.4712391385290933,0.0,0.0,0.0,0.0,13.690966120012126,6.762450909045881,11.084987973608916,4.228856062181404,1.5512672503706577,0.0,62.0,9.299999999999999,46.0,45.0,0.0,0.2141473664431433,0.25,33.331849687134074,52.23108372316087,0.7665838058681939,41.26190148600177,27.455818790492913,27.455818790492913,0.0,22.412320603259168,5.603080150814792,5.603080150814792,0.0,0.0,0.0,0.0,-7.105427357601002e-15,7.105427357601002e-15,0.0,0.0,0.0,-0.47511697969854794,0.037037460909084,0.0
0,winter_heating,冬季采暖日,1.0,23.5,0.25,42.33011503037394,56.33006438393154,2.5364937344888996,30.0,0.0,30.0,0.0,27.08018158969867,0.0,0.0,29.561603016295845,10.346561055703544,13.30272135733313,17.267317814635575,55.255417006833845,0.8454979114962998,2.5364937344888996,0.0,0.0,8.432802841774794,0.0,25.558805958732734,12.22807398023543,0.0,30.974763094934517,0.0,1.448990952878392,0.0,0.0,0.0,0.0,13.30144977676652,6.6234174145954245,11.05758239947434,4.216748466565439,1.5439369336234074,0.0,62.0,9.299999999999999,46.0,45.0,0.0,0.2112175060043785,0.25,33.017489723691675,51.823659233217015,0.7609481203466698,40.88112407749555,27.08018158969867,27.08018158969867,0.0,22.412320603259168,5.603080150814792,5.603080150814792,0.0,0.0,0.0,0.0,-7.105427357601002e-15,7.105427357601002e-15,0.0,0.0,0.0,-0.4428527064606982,-0.018785618405079862,0.0
0,winter_heating,冬季采暖日,1.0,23.75,0.25,41.693440257878414,55.89694138733574,2.4990492844170746,30.0,0.0,30.0,0.0,26.838553753679655,0.0,0.0,29.561603016295845,10.346561055703544,13.30272135733313,17.131966878199385,54.82229401023804,0.8330164281390249,2.4990492844170746,0.0,0.0,8.956978523161908,0.0,27.68481041768575,12.22807398023543,0.0,33.863443283692966,0.0,1.430287277995539,0.0,0.0,0.0,0.0,12.976239717717545,6.503096844611147,11.034045642359668,4.206032218477407,1.5375079216242937,0.0,62.0,9.299999999999999,46.0,45.0,0.0,0.2093328794653679,0.25,32.52088340114517,51.42518607634888,0.7497147853251224,40.263152979882875,26.838553753679655,26.838553753679655,0.0,22.412320603259168,5.603080150814792,5.603080150814792,0.0,0.0,0.0,0.0,0.0,0.0,0.0,0.0,0.0,-0.4331229965958059,-0.03744445007182495,0.0
